Country,Code,Unemployment Rate %
Aruba,ABW,
Afghanistan,AFG,11.18400002
Angola,AGO,7.118999958
Albania,ALB,13.75
Andorra,AND,
Arab World,ARB,10.6413133
United Arab Emirates,ARE,2.463000059
Argentina,ARG,8.347000122
Armenia,ARM,17.70499992
American Samoa,ASM,
Antigua and Barbuda,ATG,
Australia,AUS,5.59100008
Austria,AUT,5.499000072
Azerbaijan,AZE,5
Burundi,BDI,1.486999989
Belgium,BEL,7.085999966
Benin,BEN,2.459000111
Burkina Faso,BFA,6.21600008
Bangladesh,BGD,4.372000217
Bulgaria,BGR,6.164000034
Bahrain,BHR,0.700999975
"Bahamas, The",BHS,9.800000191
Bosnia and Herzegovina,BIH,20.52700043
Belarus,BLR,5.650000095
Belize,BLZ,6.59499979
Bermuda,BMU,
Bolivia,BOL,3.670000076
Brazil,BRA,12.82199955
Barbados,BRB,9.76099968
Brunei Darussalam,BRN,9.315999985
Bhutan,BTN,2.35800004
Botswana,BWA,17.50499916
Central African Republic,CAF,3.74000001
Canada,CAN,6.340000153
Central Europe and the Baltics,CEB,5.29333719
Switzerland,CHE,4.796999931
Channel Islands,CHI,7.622000217
Chile,CHL,6.958000183
China,CHN,4.440999985
Cote d'Ivoire,CIV,3.273000002
Cameroon,CMR,3.414000034
"Congo, Dem. Rep.",COD,4.272999763
"Congo, Rep.",COG,9.762999535
Colombia,COL,8.871999741
Comoros,COM,4.375
Cabo Verde,CPV,12.23999977
Costa Rica,CRI,8.142000198
Caribbean small states,CSS,9.553456146
Cuba,CUB,1.700000048
Curacao,CUW,
Cayman Islands,CYM,
Cyprus,CYP,11.05200005
Czech Republic,CZE,2.890000105
Germany,DEU,3.746000051
Djibouti,DJI,10.38199997
Dominica,DMA,
Denmark,DNK,5.743000031
Dominican Republic,DOM,5.831999779
Algeria,DZA,11.99600029
East Asia & Pacific (excluding high income),EAP,3.950131599
Early-demographic dividend,EAR,5.708849073
East Asia & Pacific,EAS,3.899911217
Europe & Central Asia (excluding high income),ECA,7.301483193
Europe & Central Asia,ECS,7.491878346
Ecuador,ECU,3.835999966
"Egypt, Arab Rep.",EGY,11.73700047
Euro area,EMU,9.060118073
Eritrea,ERI,5.19299984
Spain,ESP,17.22400093
Estonia,EST,5.760000229
Ethiopia,ETH,2.119999886
European Union,EUU,8.135618676
Fragile and conflict affected situations,FCS,7.291290149
Finland,FIN,8.640000343
Fiji,FJI,4.236999989
France,FRA,9.397000313
Faroe Islands,FRO,
"Micronesia, Fed. Sts.",FSM,
Gabon,GAB,19.98200035
United Kingdom,GBR,4.335000038
Georgia,GEO,13.93900013
Ghana,GHA,4.22300005
Gibraltar,GIB,
Guinea,GIN,4.31799984
"Gambia, The",GMB,9.13599968
Guinea-Bissau,GNB,2.5
Equatorial Guinea,GNQ,6.482999802
Greece,GRC,21.48800087
Grenada,GRD,
Greenland,GRL,
Guatemala,GTM,2.461999893
Guam,GUM,5.153999805
Guyana,GUY,12.04399967
High income,HIC,5.592119033
"Hong Kong SAR, China",HKG,3.089999914
Honduras,HND,5.527999878
Heavily indebted poor countries (HIPC),HPC,4.474979094
Croatia,HRV,11.20800018
Haiti,HTI,13.73499966
Hungary,HUN,4.156000137
IBRD only,IBD,5.825781365
IDA & IBRD total,IBT,5.58292506
IDA total,IDA,4.723762034
IDA blend,IDB,5.372479346
Indonesia,IDN,4.184999943
IDA only,IDX,4.433094781
Isle of Man,IMN,
India,IND,5.419000149
Not classified,INX,
Ireland,IRL,6.711999893
"Iran, Islamic Rep.",IRN,12.10000038
Iraq,IRQ,13.02000046
Iceland,ISL,2.742000103
Israel,ISR,4.215000153
Italy,ITA,11.21100044
Jamaica,JAM,11.63399982
Jordan,JOR,15.11499977
Japan,JPN,2.799999952
Kazakhstan,KAZ,4.900000095
Kenya,KEN,2.694999933
Kyrgyz Republic,KGZ,6.889999866
Cambodia,KHM,0.683000028
Kiribati,KIR,
St. Kitts and Nevis,KNA,
"Korea, Rep.",KOR,3.700000048
Kuwait,KWT,1.797999978
Latin America & Caribbean (excluding high income),LAC,8.146434699
Lao PDR,LAO,0.660000026
Lebanon,LBN,6.224999905
Liberia,LBR,3.003999949
Libya,LBY,18.62700081
St. Lucia,LCA,21.06900024
Latin America & Caribbean,LCN,8.081830123
Least developed countries: UN classification,LDC,4.428566571
Low income,LIC,3.949971133
Liechtenstein,LIE,
Sri Lanka,LKA,4.179999828
Lower middle income,LMC,5.295427859
Low & middle income,LMY,5.564798508
Lesotho,LSO,24.13400078
Late-demographic dividend,LTE,5.260606477
Lithuania,LTU,7.072999954
Luxembourg,LUX,5.521999836
Latvia,LVA,8.715000153
"Macao SAR, China",MAC,2
St. Martin (French part),MAF,
Morocco,MAR,9.187000275
Monaco,MCO,
Moldova,MDA,4.09800005
Madagascar,MDG,1.725000024
Maldives,MDV,5.980999947
Middle East & North Africa,MEA,10.21619657
Mexico,MEX,3.420000076
Marshall Islands,MHL,
Middle income,MIC,5.745493879
North Macedonia,MKD,22.38100052
Mali,MLI,7.329999924
Malta,MLT,4.000999928
Myanmar,MMR,1.550999999
Middle East & North Africa (excluding high income),MNA,11.99532033
Montenegro,MNE,16.07099915
Mongolia,MNG,6.359000206
Northern Mariana Islands,MNP,
Mozambique,MOZ,3.308000088
Mauritania,MRT,9.576999664
Mauritius,MUS,6.751999855
Malawi,MWI,5.706999779
Malaysia,MYS,3.410000086
North America,NAC,4.572026336
Namibia,NAM,21.5739994
New Caledonia,NCL,13.2489996
Niger,NER,0.486999989
Nigeria,NGA,8.388999939
Nicaragua,NIC,3.299999952
Netherlands,NLD,4.839000225
Norway,NOR,4.162000179
Nepal,NPL,1.396000028
Nauru,NRU,
New Zealand,NZL,4.702000141
OECD members,OED,5.765944468
Oman,OMN,3.023000002
Other small states,OSS,9.560610403
Pakistan,PAK,3.944999933
Panama,PAN,3.900000095
Peru,PER,3.460000038
Philippines,PHL,2.552000046
Palau,PLW,
Papua New Guinea,PNG,2.480000019
Poland,POL,4.887000084
Pre-demographic dividend,PRE,5.822377245
Puerto Rico,PRI,10.80000019
"Korea, Dem. People?s Rep.",PRK,2.779000044
Portugal,PRT,8.866999626
Paraguay,PRY,4.614999771
West Bank and Gaza,PSE,25.67700005
Pacific island small states,PSS,3.088337326
Post-demographic dividend,PST,5.833468642
French Polynesia,PYF,12.77400017
Qatar,QAT,0.140000001
Romania,ROU,4.927000046
Russian Federation,RUS,5.211999893
Rwanda,RWA,1.062999964
South Asia,SAS,5.12543454
Saudi Arabia,SAU,5.889999866
Sudan,SDN,17.05999947
Senegal,SEN,6.614999771
Singapore,SGP,4.199999809
Solomon Islands,SLB,0.637000024
Sierra Leone,SLE,4.5
El Salvador,SLV,4.385000229
San Marino,SMR,
Somalia,SOM,11.41100025
Serbia,SRB,13.47700024
Sub-Saharan Africa (excluding high income),SSA,6.278714226
South Sudan,SSD,12.35900021
Sub-Saharan Africa,SSF,6.278714226
Small states,SST,9.238747021
Sao Tome and Principe,STP,13.27299976
Suriname,SUR,7.080999851
Slovak Republic,SVK,8.130999565
Slovenia,SVN,6.56400013
Sweden,SWE,6.717999935
Eswatini,SWZ,22.53800011
Sint Maarten (Dutch part),SXM,
Seychelles,SYC,
Syrian Arab Republic,SYR,8.362000465
Turks and Caicos Islands,TCA,
Chad,TCD,1.84800005
East Asia & Pacific (IDA & IBRD countries),TEA,3.967300691
Europe & Central Asia (IDA & IBRD countries),TEC,7.125449776
Togo,TGO,2.125999928
Thailand,THA,0.829999983
Tajikistan,TJK,11.27400017
Turkmenistan,TKM,3.858999968
Latin America & the Caribbean (IDA & IBRD countries),TLA,8.178796638
Timor-Leste,TLS,4.565999985
Middle East & North Africa (IDA & IBRD countries),TMN,11.85214948
Tonga,TON,1.080000043
South Asia (IDA & IBRD),TSA,5.12543454
Sub-Saharan Africa (IDA & IBRD countries),TSS,6.278714226
Trinidad and Tobago,TTO,2.70600009
Tunisia,TUN,15.37899971
Turkey,TUR,10.81900024
Tuvalu,TUV,
Tanzania,TZA,2.032999992
Uganda,UGA,1.789999962
Ukraine,UKR,9.510000229
Upper middle income,UMC,6.129349427
Uruguay,URY,7.889999866
United States,USA,4.355000019
Uzbekistan,UZB,5.829999924
St. Vincent and the Grenadines,VCT,19.04700089
"Venezuela, RB",VEN,7.302000046
British Virgin Islands,VGB,
Virgin Islands (U.S.),VIR,8.74600029
Vietnam,VNM,2.052999973
Vanuatu,VUT,4.44299984
World,WLD,5.569701353
Samoa,WSM,8.44299984
Kosovo,XKX,
"Yemen, Rep.",YEM,13.15200043
South Africa,ZAF,27.07099915
Zambia,ZMB,11.6260004
Zimbabwe,ZWE,5.168000221
