Country,Code,Unemployment Rate,Year
Aruba,ABW,,2007
Afghanistan,AFG,11.04599953,2007
Angola,AGO,3.637000084,2007
Albania,ALB,15.9659996,2007
Andorra,AND,,2007
Arab World,ARB,9.788912201,2007
United Arab Emirates,ARE,2.08100009,2007
Argentina,ARG,8.470000267,2007
Armenia,ARM,9.812000275,2007
American Samoa,ASM,,2007
Antigua and Barbuda,ATG,,2007
Australia,AUS,4.376999855,2007
Austria,AUT,4.857999802,2007
Azerbaijan,AZE,6.539999962,2007
Burundi,BDI,1.659000039,2007
Belgium,BEL,7.458000183,2007
Benin,BEN,0.80400002,2007
Burkina Faso,BFA,3.299999952,2007
Bangladesh,BGD,3.888000011,2007
Bulgaria,BGR,6.877999783,2007
Bahrain,BHR,0.640999973,2007
"Bahamas, The",BHS,7.880000114,2007
Bosnia and Herzegovina,BIH,28.98399925,2007
Belarus,BLR,6.981999874,2007
Belize,BLZ,8.510000229,2007
Bermuda,BMU,,2007
Bolivia,BOL,2.63499999,2007
Brazil,BRA,8.326999664,2007
Barbados,BRB,7.409999847,2007
Brunei Darussalam,BRN,5.151000023,2007
Bhutan,BTN,3.700000048,2007
Botswana,BWA,16.97200012,2007
Central African Republic,CAF,3.661000013,2007
Canada,CAN,6.035999775,2007
Central Europe and the Baltics,CEB,7.808810528,2007
Switzerland,CHE,3.65199995,2007
Channel Islands,CHI,7.438000202,2007
Chile,CHL,8.427000046,2007
China,CHN,4.347000122,2007
Cote d'Ivoire,CIV,5.653999805,2007
Cameroon,CMR,3.062999964,2007
"Congo, Dem. Rep.",COD,3.08100009,2007
"Congo, Rep.",COG,17.41600037,2007
Colombia,COL,11.20400047,2007
Comoros,COM,4.288000107,2007
Cabo Verde,CPV,10.28999996,2007
Costa Rica,CRI,4.489999771,2007
Caribbean small states,CSS,8.128537606,2007
Cuba,CUB,1.787999988,2007
Curacao,CUW,,2007
Cayman Islands,CYM,,2007
Cyprus,CYP,3.921999931,2007
Czech Republic,CZE,5.320000172,2007
Germany,DEU,8.657999992,2007
Djibouti,DJI,10.2489996,2007
Dominica,DMA,,2007
Denmark,DNK,3.801000118,2007
Dominican Republic,DOM,5.157999992,2007
Algeria,DZA,13.78999996,2007
East Asia & Pacific (excluding high income),EAP,4.328685028,2007
Early-demographic dividend,EAR,5.77476206,2007
East Asia & Pacific,EAS,4.275997407,2007
Europe & Central Asia (excluding high income),ECA,7.294569747,2007
Europe & Central Asia,ECS,7.173116773,2007
Ecuador,ECU,3.14199996,2007
"Egypt, Arab Rep.",EGY,8.800000191,2007
Euro area,EMU,7.435066118,2007
Eritrea,ERI,5.099999905,2007
Spain,ESP,8.232000351,2007
Estonia,EST,4.592000008,2007
Ethiopia,ETH,2.267999887,2007
European Union,EUU,7.448055923,2007
Fragile and conflict affected situations,FCS,5.585462521,2007
Finland,FIN,6.854000092,2007
Fiji,FJI,3.834000111,2007
France,FRA,7.657000065,2007
Faroe Islands,FRO,,2007
"Micronesia, Fed. Sts.",FSM,,2007
Gabon,GAB,17.76199913,2007
United Kingdom,GBR,5.262000084,2007
Georgia,GEO,13.27999973,2007
Ghana,GHA,4.666999817,2007
Gibraltar,GIB,,2007
Guinea,GIN,4.231999874,2007
"Gambia, The",GMB,9.01099968,2007
Guinea-Bissau,GNB,2.436000109,2007
Equatorial Guinea,GNQ,6.377999783,2007
Greece,GRC,8.395999908,2007
Grenada,GRD,,2007
Greenland,GRL,,2007
Guatemala,GTM,2.990999937,2007
Guam,GUM,8.300000191,2007
Guyana,GUY,10.65400028,2007
High income,HIC,5.596162749,2007
"Hong Kong SAR, China",HKG,4.010000229,2007
Honduras,HND,3.210999966,2007
Heavily indebted poor countries (HIPC),HPC,4.640598692,2007
Croatia,HRV,9.909000397,2007
Haiti,HTI,16.79999924,2007
Hungary,HUN,7.406000137,2007
IBRD only,IBD,5.720609677,2007
IDA & IBRD total,IBT,5.360467831,2007
IDA total,IDA,3.855679732,2007
IDA blend,IDB,2.668212037,2007
Indonesia,IDN,8.06000042,2007
IDA only,IDX,4.38559479,2007
Isle of Man,IMN,,2007
India,IND,5.322999954,2007
Not classified,INX,,2007
Ireland,IRL,4.980000019,2007
"Iran, Islamic Rep.",IRN,10.60000038,2007
Iraq,IRQ,8.649000168,2007
Iceland,ISL,2.250999928,2007
Israel,ISR,9.37899971,2007
Italy,ITA,6.074999809,2007
Jamaica,JAM,9.744999886,2007
Jordan,JOR,13.10000038,2007
Japan,JPN,3.900000095,2007
Kazakhstan,KAZ,7.260000229,2007
Kenya,KEN,2.627000093,2007
Kyrgyz Republic,KGZ,8.100000381,2007
Cambodia,KHM,1.256999969,2007
Kiribati,KIR,,2007
St. Kitts and Nevis,KNA,,2007
"Korea, Rep.",KOR,3.200000048,2007
Kuwait,KWT,1.5,2007
Latin America & Caribbean (excluding high income),LAC,6.815887064,2007
Lao PDR,LAO,0.970000029,2007
Lebanon,LBN,8.979999542,2007
Liberia,LBR,2.094000101,2007
Libya,LBY,18.44799995,2007
St. Lucia,LCA,14,2007
Latin America & Caribbean,LCN,6.870490291,2007
Least developed countries: UN classification,LDC,4.185160338,2007
Low income,LIC,4.061307223,2007
Liechtenstein,LIE,,2007
Sri Lanka,LKA,5.96999979,2007
Lower middle income,LMC,5.094428738,2007
Low & middle income,LMY,5.298648184,2007
Lesotho,LSO,28.5510006,2007
Late-demographic dividend,LTE,5.02712426,2007
Lithuania,LTU,4.25,2007
Luxembourg,LUX,4.065000057,2007
Latvia,LVA,6.052000046,2007
"Macao SAR, China",MAC,3.200000048,2007
St. Martin (French part),MAF,,2007
Morocco,MAR,9.56000042,2007
Monaco,MCO,,2007
Moldova,MDA,5.070000172,2007
Madagascar,MDG,3.030999899,2007
Maldives,MDV,3.16899991,2007
Middle East & North Africa,MEA,9.51768585,2007
Mexico,MEX,3.628000021,2007
Marshall Islands,MHL,,2007
Middle income,MIC,5.416044107,2007
North Macedonia,MKD,34.93399811,2007
Mali,MLI,11.71000004,2007
Malta,MLT,6.472000122,2007
Myanmar,MMR,0.698000014,2007
Middle East & North Africa (excluding high income),MNA,10.47090234,2007
Montenegro,MNE,19.39999962,2007
Mongolia,MNG,7.199999809,2007
Northern Mariana Islands,MNP,,2007
Mozambique,MOZ,2.905999899,2007
Mauritania,MRT,9.449000359,2007
Mauritius,MUS,8.475000381,2007
Malawi,MWI,5.607999802,2007
Malaysia,MYS,3.230000019,2007
North America,NAC,4.770944498,2007
Namibia,NAM,21.45700073,2007
New Caledonia,NCL,12.65999985,2007
Niger,NER,1.66900003,2007
Nigeria,NGA,3.565000057,2007
Nicaragua,NIC,4.889999866,2007
Netherlands,NLD,4.152999878,2007
Norway,NOR,2.493000031,2007
Nepal,NPL,1.383000016,2007
Nauru,NRU,,2007
New Zealand,NZL,3.661000013,2007
OECD members,OED,5.631993553,2007
Oman,OMN,4.250999928,2007
Other small states,OSS,10.50366159,2007
Pakistan,PAK,0.398000002,2007
Panama,PAN,3.459000111,2007
Peru,PER,4.188000202,2007
Philippines,PHL,3.434000015,2007
Palau,PLW,,2007
Papua New Guinea,PNG,2.082999945,2007
Poland,POL,9.602000237,2007
Pre-demographic dividend,PRE,4.750353754,2007
Puerto Rico,PRI,10.93000031,2007
"Korea, Dem. People’s Rep.",PRK,2.710999966,2007
Portugal,PRT,7.964000225,2007
Paraguay,PRY,4.712999821,2007
West Bank and Gaza,PSE,18.28199959,2007
Pacific island small states,PSS,3.207057566,2007
Post-demographic dividend,PST,5.525762213,2007
French Polynesia,PYF,11.73999977,2007
Qatar,QAT,0.519999981,2007
Romania,ROU,6.413000107,2007
Russian Federation,RUS,6.001999855,2007
Rwanda,RWA,0.856000006,2007
South Asia,SAS,4.738305679,2007
Saudi Arabia,SAU,5.730000019,2007
Sudan,SDN,14.87199974,2007
Senegal,SEN,9.852000237,2007
Singapore,SGP,3.900000095,2007
Solomon Islands,SLB,1.847000003,2007
Sierra Leone,SLE,3.539999962,2007
El Salvador,SLV,6.409999847,2007
San Marino,SMR,,2007
Somalia,SOM,11.27299976,2007
Serbia,SRB,18.05999947,2007
Sub-Saharan Africa (excluding high income),SSA,5.706782241,2007
South Sudan,SSD,12.21399975,2007
Sub-Saharan Africa,SSF,5.706782241,2007
Small states,SST,9.580146646,2007
Sao Tome and Principe,STP,15.85000038,2007
Suriname,SUR,8.696000099,2007
Slovak Republic,SVK,11.14299965,2007
Slovenia,SVN,4.81799984,2007
Sweden,SWE,6.160999775,2007
Eswatini,SWZ,28.23999977,2007
Sint Maarten (Dutch part),SXM,,2007
Seychelles,SYC,,2007
Syrian Arab Republic,SYR,8.420000076,2007
Turks and Caicos Islands,TCA,,2007
Chad,TCD,1.238999963,2007
East Asia & Pacific (IDA & IBRD countries),TEA,4.351625772,2007
Europe & Central Asia (IDA & IBRD countries),TEC,7.520754867,2007
Togo,TGO,3.569999933,2007
Thailand,THA,1.179999948,2007
Tajikistan,TJK,11.79599953,2007
Turkmenistan,TKM,5.573999882,2007
Latin America & the Caribbean (IDA & IBRD countries),TLA,6.946556098,2007
Timor-Leste,TLS,3.099999905,2007
Middle East & North Africa (IDA & IBRD countries),TMN,10.40829691,2007
Tonga,TON,1.049000025,2007
South Asia (IDA & IBRD),TSA,4.738305679,2007
Sub-Saharan Africa (IDA & IBRD countries),TSS,5.706782241,2007
Trinidad and Tobago,TTO,2.428999901,2007
Tunisia,TUN,12.36499977,2007
Turkey,TUR,8.868000031,2007
Tuvalu,TUV,,2007
Tanzania,TZA,2.90199995,2007
Uganda,UGA,2.503000021,2007
Ukraine,UKR,6.350999832,2007
Upper middle income,UMC,5.670888899,2007
Uruguay,URY,9.402999878,2007
United States,USA,4.622000217,2007
Uzbekistan,UZB,4.989999771,2007
St. Vincent and the Grenadines,VCT,19.09600067,2007
"Venezuela, RB",VEN,7.278999805,2007
British Virgin Islands,VGB,,2007
Virgin Islands (U.S.),VIR,7.916999817,2007
Vietnam,VNM,2.026000023,2007
Vanuatu,VUT,4.355999947,2007
World,WLD,5.353513022,2007
Samoa,WSM,5.104000092,2007
Kosovo,XKX,,2007
"Yemen, Rep.",YEM,12.03199959,2007
South Africa,ZAF,26.66600037,2007
Zambia,ZMB,10.18299961,2007
Zimbabwe,ZWE,4.528999805,2007
Aruba,ABW,,2008
Afghanistan,AFG,10.98499966,2008
Angola,AGO,3.611999989,2008
Albania,ALB,13.06000042,2008
Andorra,AND,,2008
Arab World,ARB,9.452785994,2008
United Arab Emirates,ARE,1.95599997,2008
Argentina,ARG,7.836999893,2008
Armenia,ARM,13.47500038,2008
American Samoa,ASM,,2008
Antigua and Barbuda,ATG,,2008
Australia,AUS,4.234000206,2008
Austria,AUT,4.127999783,2008
Azerbaijan,AZE,6.050000191,2008
Burundi,BDI,1.633999944,2008
Belgium,BEL,6.975999832,2008
Benin,BEN,0.833999991,2008
Burkina Faso,BFA,3.605999947,2008
Bangladesh,BGD,4.267000198,2008
Bulgaria,BGR,5.609000206,2008
Bahrain,BHR,0.609000027,2008
"Bahamas, The",BHS,8.180000305,2008
Bosnia and Herzegovina,BIH,23.40500069,2008
Belarus,BLR,6.390999794,2008
Belize,BLZ,8.180000305,2008
Bermuda,BMU,,2008
Bolivia,BOL,2.602999926,2008
Brazil,BRA,7.342999935,2008
Barbados,BRB,8.119999886,2008
Brunei Darussalam,BRN,5.157999992,2008
Bhutan,BTN,3.663000107,2008
Botswana,BWA,16.30800056,2008
Central African Republic,CAF,3.625,2008
Canada,CAN,6.137000084,2008
Central Europe and the Baltics,CEB,6.60450474,2008
Switzerland,CHE,3.349999905,2008
Channel Islands,CHI,7.440000057,2008
Chile,CHL,9.284999847,2008
China,CHN,4.586999893,2008
Cote d'Ivoire,CIV,5.823999882,2008
Cameroon,CMR,3.296000004,2008
"Congo, Dem. Rep.",COD,3.256999969,2008
"Congo, Rep.",COG,16.46299934,2008
Colombia,COL,11.27299976,2008
Comoros,COM,4.254000187,2008
Cabo Verde,CPV,10.23900032,2008
Costa Rica,CRI,4.781000137,2008
Caribbean small states,CSS,8.370931196,2008
Cuba,CUB,1.582999945,2008
Curacao,CUW,,2008
Cayman Islands,CYM,,2008
Cyprus,CYP,3.654999971,2008
Czech Republic,CZE,4.392000198,2008
Germany,DEU,7.524000168,2008
Djibouti,DJI,10.18999958,2008
Dominica,DMA,,2008
Denmark,DNK,3.434000015,2008
Dominican Republic,DOM,4.763999939,2008
Algeria,DZA,11.32999992,2008
East Asia & Pacific (excluding high income),EAP,4.410013599,2008
Early-demographic dividend,EAR,5.592089618,2008
East Asia & Pacific,EAS,4.35512721,2008
Europe & Central Asia (excluding high income),ECA,7.281053019,2008
Europe & Central Asia,ECS,7.089361495,2008
Ecuador,ECU,3.917000055,2008
"Egypt, Arab Rep.",EGY,8.517000198,2008
Euro area,EMU,7.484369609,2008
Eritrea,ERI,5.05700016,2008
Spain,ESP,11.25399971,2008
Estonia,EST,5.454999924,2008
Ethiopia,ETH,2.210999966,2008
European Union,EUU,7.200041777,2008
Fragile and conflict affected situations,FCS,5.555212413,2008
Finland,FIN,6.368999958,2008
Fiji,FJI,3.877000093,2008
France,FRA,7.063000202,2008
Faroe Islands,FRO,,2008
"Micronesia, Fed. Sts.",FSM,,2008
Gabon,GAB,18.34799957,2008
United Kingdom,GBR,5.614999771,2008
Georgia,GEO,17.87000084,2008
Ghana,GHA,4.763999939,2008
Gibraltar,GIB,,2008
Guinea,GIN,4.198999882,2008
"Gambia, The",GMB,8.958999634,2008
Guinea-Bissau,GNB,2.405999899,2008
Equatorial Guinea,GNQ,6.330999851,2008
Greece,GRC,7.760000229,2008
Grenada,GRD,,2008
Greenland,GRL,,2008
Guatemala,GTM,3.04399991,2008
Guam,GUM,7.977000237,2008
Guyana,GUY,10.71700001,2008
High income,HIC,5.857906765,2008
"Hong Kong SAR, China",HKG,3.559999943,2008
Honduras,HND,3.155999899,2008
Heavily indebted poor countries (HIPC),HPC,4.550779015,2008
Croatia,HRV,8.529999733,2008
Haiti,HTI,16.04000092,2008
Hungary,HUN,7.816999912,2008
IBRD only,IBD,5.627057646,2008
IDA & IBRD total,IBT,5.282886384,2008
IDA total,IDA,3.867179904,2008
IDA blend,IDB,2.639837,2008
Indonesia,IDN,7.209000111,2008
IDA only,IDX,4.416889702,2008
Isle of Man,IMN,,2008
India,IND,5.281000137,2008
Not classified,INX,,2008
Ireland,IRL,6.774000168,2008
"Iran, Islamic Rep.",IRN,10.47999954,2008
Iraq,IRQ,8.392999649,2008
Iceland,ISL,2.946000099,2008
Israel,ISR,7.703999996,2008
Italy,ITA,6.72300005,2008
Jamaica,JAM,10.32999992,2008
Jordan,JOR,12.69999981,2008
Japan,JPN,4,2008
Kazakhstan,KAZ,6.630000114,2008
Kenya,KEN,2.598999977,2008
Kyrgyz Republic,KGZ,8.220000267,2008
Cambodia,KHM,0.824000001,2008
Kiribati,KIR,,2008
St. Kitts and Nevis,KNA,,2008
"Korea, Rep.",KOR,3.200000048,2008
Kuwait,KWT,1.75,2008
Latin America & Caribbean (excluding high income),LAC,6.403158864,2008
Lao PDR,LAO,0.839999974,2008
Lebanon,LBN,7.438000202,2008
Liberia,LBR,2.072999954,2008
Libya,LBY,18.37299919,2008
St. Lucia,LCA,12.72000027,2008
Latin America & Caribbean,LCN,6.498067572,2008
Least developed countries: UN classification,LDC,4.15756614,2008
Low income,LIC,4.069223347,2008
Liechtenstein,LIE,,2008
Sri Lanka,LKA,5.21999979,2008
Lower middle income,LMC,4.976750089,2008
Low & middle income,LMY,5.238083875,2008
Lesotho,LSO,27.66799927,2008
Late-demographic dividend,LTE,5.057609558,2008
Lithuania,LTU,5.826000214,2008
Luxembourg,LUX,5.059999943,2008
Latvia,LVA,7.738999844,2008
"Macao SAR, China",MAC,3,2008
St. Martin (French part),MAF,,2008
Morocco,MAR,9.569999695,2008
Monaco,MCO,,2008
Moldova,MDA,3.980000019,2008
Madagascar,MDG,3.303999901,2008
Maldives,MDV,3.355999947,2008
Middle East & North Africa,MEA,9.149113228,2008
Mexico,MEX,3.874000072,2008
Marshall Islands,MHL,,2008
Middle income,MIC,5.350733416,2008
North Macedonia,MKD,33.76100159,2008
Mali,MLI,10.20899963,2008
Malta,MLT,5.977000237,2008
Myanmar,MMR,0.686999977,2008
Middle East & North Africa (excluding high income),MNA,10.24202788,2008
Montenegro,MNE,17.14999962,2008
Mongolia,MNG,5.565000057,2008
Northern Mariana Islands,MNP,,2008
Mozambique,MOZ,2.915999889,2008
Mauritania,MRT,9.395000458,2008
Mauritius,MUS,7.170000076,2008
Malawi,MWI,5.56799984,2008
Malaysia,MYS,3.339999914,2008
North America,NAC,5.821345705,2008
Namibia,NAM,21.38199997,2008
New Caledonia,NCL,12.46100044,2008
Niger,NER,1.195000052,2008
Nigeria,NGA,3.539000034,2008
Nicaragua,NIC,6.199999809,2008
Netherlands,NLD,3.654000044,2008
Norway,NOR,2.549999952,2008
Nepal,NPL,1.327999949,2008
Nauru,NRU,,2008
New Zealand,NZL,4.166999817,2008
OECD members,OED,5.961217459,2008
Oman,OMN,4.142000198,2008
Other small states,OSS,10.03507178,2008
Pakistan,PAK,0.423000008,2008
Panama,PAN,3.426000118,2008
Peru,PER,4.05700016,2008
Philippines,PHL,3.720000029,2008
Palau,PLW,,2008
Papua New Guinea,PNG,1.980999947,2008
Poland,POL,7.118000031,2008
Pre-demographic dividend,PRE,4.658668588,2008
Puerto Rico,PRI,11.47999954,2008
"Korea, Dem. People’s Rep.",PRK,2.680000067,2008
Portugal,PRT,7.552000046,2008
Paraguay,PRY,4.414999962,2008
West Bank and Gaza,PSE,22.91300011,2008
Pacific island small states,PSS,3.216621802,2008
Post-demographic dividend,PST,5.865808082,2008
French Polynesia,PYF,11.77499962,2008
Qatar,QAT,0.310000002,2008
Romania,ROU,5.787000179,2008
Russian Federation,RUS,6.204999924,2008
Rwanda,RWA,0.861000001,2008
South Asia,SAS,4.720849839,2008
Saudi Arabia,SAU,5.079999924,2008
Sudan,SDN,14.80000019,2008
Senegal,SEN,9.802000046,2008
Singapore,SGP,3.960000038,2008
Solomon Islands,SLB,1.819000006,2008
Sierra Leone,SLE,3.627000093,2008
El Salvador,SLV,5.880000114,2008
San Marino,SMR,,2008
Somalia,SOM,11.21000004,2008
Serbia,SRB,13.70499992,2008
Sub-Saharan Africa (excluding high income),SSA,5.367817933,2008
South Sudan,SSD,12.14999962,2008
Sub-Saharan Africa,SSF,5.367817933,2008
Small states,SST,9.304757785,2008
Sao Tome and Principe,STP,15.21500015,2008
Suriname,SUR,8.520000458,2008
Slovak Republic,SVK,9.508000374,2008
Slovenia,SVN,4.370999813,2008
Sweden,SWE,6.235000134,2008
Eswatini,SWZ,27.44499969,2008
Sint Maarten (Dutch part),SXM,,2008
Seychelles,SYC,,2008
Syrian Arab Republic,SYR,10.93999958,2008
Turks and Caicos Islands,TCA,,2008
Chad,TCD,1.26699996,2008
East Asia & Pacific (IDA & IBRD countries),TEA,4.434609878,2008
Europe & Central Asia (IDA & IBRD countries),TEC,7.278867352,2008
Togo,TGO,3.049999952,2008
Thailand,THA,1.179999948,2008
Tajikistan,TJK,11.38599968,2008
Turkmenistan,TKM,4.907000065,2008
Latin America & the Caribbean (IDA & IBRD countries),TLA,6.564851678,2008
Timor-Leste,TLS,3.073999882,2008
Middle East & North Africa (IDA & IBRD countries),TMN,10.139198,2008
Tonga,TON,1.036000013,2008
South Asia (IDA & IBRD),TSA,4.720849839,2008
Sub-Saharan Africa (IDA & IBRD countries),TSS,5.367817933,2008
Trinidad and Tobago,TTO,2.395999908,2008
Tunisia,TUN,12.44299984,2008
Turkey,TUR,9.710000038,2008
Tuvalu,TUV,,2008
Tanzania,TZA,2.595999956,2008
Uganda,UGA,2.885999918,2008
Ukraine,UKR,6.362999916,2008
Upper middle income,UMC,5.649228247,2008
Uruguay,URY,8.026000023,2008
United States,USA,5.78399992,2008
Uzbekistan,UZB,4.889999866,2008
St. Vincent and the Grenadines,VCT,18.79000092,2008
"Venezuela, RB",VEN,6.244999886,2008
British Virgin Islands,VGB,,2008
Virgin Islands (U.S.),VIR,7.947000027,2008
Vietnam,VNM,1.791000009,2008
Vanuatu,VUT,4.320000172,2008
World,WLD,5.352536124,2008
Samoa,WSM,5.135000229,2008
Kosovo,XKX,,2008
"Yemen, Rep.",YEM,12.10099983,2008
South Africa,ZAF,22.43300056,2008
Zambia,ZMB,7.929999828,2008
Zimbabwe,ZWE,4.627999783,2008
Aruba,ABW,,2009
Afghanistan,AFG,11.38700008,2009
Angola,AGO,3.782000065,2009
Albania,ALB,13.67399979,2009
Andorra,AND,,2009
Arab World,ARB,9.15279419,2009
United Arab Emirates,ARE,2.33100009,2009
Argentina,ARG,8.645000458,2009
Armenia,ARM,18.43600082,2009
American Samoa,ASM,,2009
Antigua and Barbuda,ATG,,2009
Australia,AUS,5.56099987,2009
Austria,AUT,5.301000118,2009
Azerbaijan,AZE,5.739999771,2009
Burundi,BDI,1.764000058,2009
Belgium,BEL,7.907999992,2009
Benin,BEN,0.967000008,2009
Burkina Faso,BFA,4.243999958,2009
Bangladesh,BGD,5,2009
Bulgaria,BGR,6.816999912,2009
Bahrain,BHR,1.080000043,2009
"Bahamas, The",BHS,14.25,2009
Bosnia and Herzegovina,BIH,24.06800079,2009
Belarus,BLR,6.099999905,2009
Belize,BLZ,8.458999634,2009
Bermuda,BMU,,2009
Bolivia,BOL,2.862999916,2009
Brazil,BRA,8.522000313,2009
Barbados,BRB,10.02000046,2009
Brunei Darussalam,BRN,6.420000076,2009
Bhutan,BTN,3.960000038,2009
Botswana,BWA,16.16900063,2009
Central African Republic,CAF,3.867000103,2009
Canada,CAN,8.343999863,2009
Central Europe and the Baltics,CEB,8.488344629,2009
Switzerland,CHE,4.116000175,2009
Channel Islands,CHI,8.225000381,2009
Chile,CHL,11.31299973,2009
China,CHN,4.71999979,2009
Cote d'Ivoire,CIV,6.381999969,2009
Cameroon,CMR,3.766000032,2009
"Congo, Dem. Rep.",COD,3.687000036,2009
"Congo, Rep.",COG,16.10000038,2009
Colombia,COL,12.06599998,2009
Comoros,COM,4.488999844,2009
Cabo Verde,CPV,10.58500004,2009
Costa Rica,CRI,7.712999821,2009
Caribbean small states,CSS,9.714825602,2009
Cuba,CUB,1.669999957,2009
Curacao,CUW,,2009
Cayman Islands,CYM,,2009
Cyprus,CYP,5.363999844,2009
Czech Republic,CZE,6.662000179,2009
Germany,DEU,7.742000103,2009
Djibouti,DJI,10.58500004,2009
Dominica,DMA,,2009
Denmark,DNK,6.006999969,2009
Dominican Republic,DOM,5.467000008,2009
Algeria,DZA,10.15999985,2009
East Asia & Pacific (excluding high income),EAP,4.389355275,2009
Early-demographic dividend,EAR,5.85243204,2009
East Asia & Pacific,EAS,4.448955693,2009
Europe & Central Asia (excluding high income),ECA,9.020201103,2009
Europe & Central Asia,ECS,8.932937535,2009
Ecuador,ECU,4.607999802,2009
"Egypt, Arab Rep.",EGY,9.086999893,2009
Euro area,EMU,9.536717955,2009
Eritrea,ERI,5.340000153,2009
Spain,ESP,17.85700035,2009
Estonia,EST,13.54800034,2009
Ethiopia,ETH,2.335000038,2009
European Union,EUU,9.116646463,2009
Fragile and conflict affected situations,FCS,5.556429048,2009
Finland,FIN,8.248999596,2009
Fiji,FJI,4.181000233,2009
France,FRA,8.736000061,2009
Faroe Islands,FRO,,2009
"Micronesia, Fed. Sts.",FSM,,2009
Gabon,GAB,19.5529995,2009
United Kingdom,GBR,7.537000179,2009
Georgia,GEO,20.70999908,2009
Ghana,GHA,5.125,2009
Gibraltar,GIB,,2009
Guinea,GIN,4.428999901,2009
"Gambia, The",GMB,9.31000042,2009
Guinea-Bissau,GNB,2.607000113,2009
Equatorial Guinea,GNQ,6.645999908,2009
Greece,GRC,9.616000175,2009
Grenada,GRD,,2009
Greenland,GRL,,2009
Guatemala,GTM,3.346999884,2009
Guam,GUM,9.300000191,2009
Guyana,GUY,11.22999954,2009
High income,HIC,7.965268737,2009
"Hong Kong SAR, China",HKG,5.260000229,2009
Honduras,HND,3.292000055,2009
Heavily indebted poor countries (HIPC),HPC,4.76004424,2009
Croatia,HRV,9.201999664,2009
Haiti,HTI,15.92500019,2009
Hungary,HUN,10.02999973,2009
IBRD only,IBD,5.999741644,2009
IDA & IBRD total,IBT,5.618607653,2009
IDA total,IDA,4.075760924,2009
IDA blend,IDB,2.819362716,2009
Indonesia,IDN,6.105999947,2009
IDA only,IDX,4.642514179,2009
Isle of Man,IMN,,2009
India,IND,5.565999985,2009
Not classified,INX,,2009
Ireland,IRL,12.60900021,2009
"Iran, Islamic Rep.",IRN,11.97000027,2009
Iraq,IRQ,8.50399971,2009
Iceland,ISL,7.21999979,2009
Israel,ISR,9.534000397,2009
Italy,ITA,7.749000072,2009
Jamaica,JAM,11.36200047,2009
Jordan,JOR,12.89999962,2009
Japan,JPN,5.099999905,2009
Kazakhstan,KAZ,6.550000191,2009
Kenya,KEN,2.792999983,2009
Kyrgyz Republic,KGZ,8.409999847,2009
Cambodia,KHM,0.578999996,2009
Kiribati,KIR,,2009
St. Kitts and Nevis,KNA,,2009
"Korea, Rep.",KOR,3.599999905,2009
Kuwait,KWT,1.639999986,2009
Latin America & Caribbean (excluding high income),LAC,7.361603134,2009
Lao PDR,LAO,0.80400002,2009
Lebanon,LBN,6.355000019,2009
Liberia,LBR,2.226999998,2009
Libya,LBY,18.87700081,2009
St. Lucia,LCA,15.36999989,2009
Latin America & Caribbean,LCN,7.491675378,2009
Least developed countries: UN classification,LDC,4.415081856,2009
Low income,LIC,4.197918804,2009
Liechtenstein,LIE,,2009
Sri Lanka,LKA,5.849999905,2009
Lower middle income,LMC,5.124763537,2009
Low & middle income,LMY,5.561519083,2009
Lesotho,LSO,27.4640007,2009
Late-demographic dividend,LTE,5.486433578,2009
Lithuania,LTU,13.78499985,2009
Luxembourg,LUX,5.122000217,2009
Latvia,LVA,17.51499939,2009
"Macao SAR, China",MAC,3.579999924,2009
St. Martin (French part),MAF,,2009
Morocco,MAR,8.960000038,2009
Monaco,MCO,,2009
Moldova,MDA,6.400000095,2009
Madagascar,MDG,3.861000061,2009
Maldives,MDV,3.828000069,2009
Middle East & North Africa,MEA,9.354734322,2009
Mexico,MEX,5.355999947,2009
Marshall Islands,MHL,,2009
Middle income,MIC,5.694820814,2009
North Macedonia,MKD,32.17900085,2009
Mali,MLI,9.284999847,2009
Malta,MLT,6.888999939,2009
Myanmar,MMR,0.764999986,2009
Middle East & North Africa (excluding high income),MNA,10.44110638,2009
Montenegro,MNE,19.09000015,2009
Mongolia,MNG,5.860000134,2009
Northern Mariana Islands,MNP,,2009
Mozambique,MOZ,3.163000107,2009
Mauritania,MRT,9.75399971,2009
Mauritius,MUS,7.256999969,2009
Malawi,MWI,5.842999935,2009
Malaysia,MYS,3.690000057,2009
North America,NAC,9.157155661,2009
Namibia,NAM,21.95299911,2009
New Caledonia,NCL,13.97000027,2009
Niger,NER,0.908999979,2009
Nigeria,NGA,3.721999884,2009
Nicaragua,NIC,8.159999847,2009
Netherlands,NLD,4.347000122,2009
Norway,NOR,3.102999926,2009
Nepal,NPL,1.478999972,2009
Nauru,NRU,,2009
New Zealand,NZL,6.120999813,2009
OECD members,OED,8.143772591,2009
Oman,OMN,5.224999905,2009
Other small states,OSS,10.76673332,2009
Pakistan,PAK,0.535000026,2009
Panama,PAN,3.654999971,2009
Peru,PER,3.900000095,2009
Philippines,PHL,3.85800004,2009
Palau,PLW,,2009
Papua New Guinea,PNG,2.048000097,2009
Poland,POL,8.166999817,2009
Pre-demographic dividend,PRE,4.858651837,2009
Puerto Rico,PRI,15,2009
"Korea, Dem. People’s Rep.",PRK,2.891000032,2009
Portugal,PRT,9.43200016,2009
Paraguay,PRY,5.460000038,2009
West Bank and Gaza,PSE,20.45199966,2009
Pacific island small states,PSS,3.473459683,2009
Post-demographic dividend,PST,8.023749995,2009
French Polynesia,PYF,13.86499977,2009
Qatar,QAT,0.310000002,2009
Romania,ROU,6.859000206,2009
Russian Federation,RUS,8.300999641,2009
Rwanda,RWA,1.00999999,2009
South Asia,SAS,5.021621547,2009
Saudi Arabia,SAU,5.380000114,2009
Sudan,SDN,13,2009
Senegal,SEN,10.2329998,2009
Singapore,SGP,5.860000134,2009
Solomon Islands,SLB,2.019999981,2009
Sierra Leone,SLE,3.970000029,2009
El Salvador,SLV,7.329999924,2009
San Marino,SMR,,2009
Somalia,SOM,11.6239996,2009
Serbia,SRB,16.1420002,2009
Sub-Saharan Africa (excluding high income),SSA,5.574887707,2009
South Sudan,SSD,12.57400036,2009
Sub-Saharan Africa,SSF,5.574887707,2009
Small states,SST,10.14759355,2009
Sao Tome and Principe,STP,15.11499977,2009
Suriname,SUR,8.720000267,2009
Slovak Republic,SVK,12.02499962,2009
Slovenia,SVN,5.856999874,2009
Sweden,SWE,8.350999832,2009
Eswatini,SWZ,27.4470005,2009
Sint Maarten (Dutch part),SXM,,2009
Seychelles,SYC,,2009
Syrian Arab Republic,SYR,8.140000343,2009
Turks and Caicos Islands,TCA,,2009
Chad,TCD,1.470999956,2009
East Asia & Pacific (IDA & IBRD countries),TEA,4.410741257,2009
Europe & Central Asia (IDA & IBRD countries),TEC,8.946889543,2009
Togo,TGO,2.796000004,2009
Thailand,THA,0.93599999,2009
Tajikistan,TJK,11.5,2009
Turkmenistan,TKM,4.532000065,2009
Latin America & the Caribbean (IDA & IBRD countries),TLA,7.559833455,2009
Timor-Leste,TLS,3.256000042,2009
Middle East & North Africa (IDA & IBRD countries),TMN,10.35882277,2009
Tonga,TON,1.128000021,2009
South Asia (IDA & IBRD),TSA,5.021621547,2009
Sub-Saharan Africa (IDA & IBRD countries),TSS,5.574887707,2009
Trinidad and Tobago,TTO,3.548000097,2009
Tunisia,TUN,13.28999996,2009
Turkey,TUR,12.55200005,2009
Tuvalu,TUV,,2009
Tanzania,TZA,2.5,2009
Uganda,UGA,3.599999905,2009
Ukraine,UKR,8.840000153,2009
Upper middle income,UMC,6.153086881,2009
Uruguay,URY,7.739999771,2009
United States,USA,9.25399971,2009
Uzbekistan,UZB,5.039999962,2009
St. Vincent and the Grenadines,VCT,19.31599998,2009
"Venezuela, RB",VEN,6.097000122,2009
British Virgin Islands,VGB,,2009
Virgin Islands (U.S.),VIR,9.666999817,2009
Vietnam,VNM,1.736999989,2009
Vanuatu,VUT,4.565000057,2009
World,WLD,6.003151787,2009
Samoa,WSM,5.462999821,2009
Kosovo,XKX,,2009
"Yemen, Rep.",YEM,12.68099976,2009
South Africa,ZAF,23.53800011,2009
Zambia,ZMB,10.50599957,2009
Zimbabwe,ZWE,5.008999825,2009
Aruba,ABW,,2010
Afghanistan,AFG,11.48400021,2010
Angola,AGO,9.430000305,2010
Albania,ALB,14.08600044,2010
Andorra,AND,,2010
Arab World,ARB,9.24813497,2010
United Arab Emirates,ARE,2.532999992,2010
Argentina,ARG,7.714000225,2010
Armenia,ARM,19.00799942,2010
American Samoa,ASM,,2010
Antigua and Barbuda,ATG,,2010
Australia,AUS,5.210999966,2010
Austria,AUT,4.820000172,2010
Azerbaijan,AZE,5.630000114,2010
Burundi,BDI,1.75999999,2010
Belgium,BEL,8.291999817,2010
Benin,BEN,1.039999962,2010
Burkina Faso,BFA,4.717000008,2010
Bangladesh,BGD,3.378999949,2010
Bulgaria,BGR,10.27900028,2010
Bahrain,BHR,1.129999995,2010
"Bahamas, The",BHS,14.83600044,2010
Bosnia and Herzegovina,BIH,27.31200027,2010
Belarus,BLR,6.125999928,2010
Belize,BLZ,8.479999542,2010
Bermuda,BMU,,2010
Bolivia,BOL,2.552000046,2010
Brazil,BRA,7.736000061,2010
Barbados,BRB,10.68999958,2010
Brunei Darussalam,BRN,6.743000031,2010
Bhutan,BTN,3.319999933,2010
Botswana,BWA,17.86000061,2010
Central African Republic,CAF,3.927000046,2010
Canada,CAN,8.055999756,2010
Central Europe and the Baltics,CEB,9.899988618,2010
Switzerland,CHE,4.80700016,2010
Channel Islands,CHI,8.397999763,2010
Chile,CHL,8.423999786,2010
China,CHN,4.526000023,2010
Cote d'Ivoire,CIV,6.704999924,2010
Cameroon,CMR,4.110000134,2010
"Congo, Dem. Rep.",COD,3.976999998,2010
"Congo, Rep.",COG,13.97200012,2010
Colombia,COL,10.98400021,2010
Comoros,COM,4.547999859,2010
Cabo Verde,CPV,10.67000008,2010
Costa Rica,CRI,7.171000004,2010
Caribbean small states,CSS,10.26897522,2010
Cuba,CUB,2.5,2010
Curacao,CUW,,2010
Cayman Islands,CYM,,2010
Cyprus,CYP,6.263000011,2010
Czech Republic,CZE,7.278999805,2010
Germany,DEU,6.96600008,2010
Djibouti,DJI,10.68099976,2010
Dominica,DMA,,2010
Denmark,DNK,7.464000225,2010
Dominican Republic,DOM,5.211999893,2010
Algeria,DZA,9.960000038,2010
East Asia & Pacific (excluding high income),EAP,4.146544508,2010
Early-demographic dividend,EAR,5.720381082,2010
East Asia & Pacific,EAS,4.217244898,2010
Europe & Central Asia (excluding high income),ECA,8.43369004,2010
Europe & Central Asia,ECS,9.015559598,2010
Ecuador,ECU,4.087999821,2010
"Egypt, Arab Rep.",EGY,8.756999969,2010
Euro area,EMU,10.07030836,2010
Eritrea,ERI,5.409999847,2010
Spain,ESP,19.86000061,2010
Estonia,EST,16.70700073,2010
Ethiopia,ETH,2.338000059,2010
European Union,EUU,9.795710982,2010
Fragile and conflict affected situations,FCS,5.766598489,2010
Finland,FIN,8.394000053,2010
Fiji,FJI,4.320000172,2010
France,FRA,8.87100029,2010
Faroe Islands,FRO,,2010
"Micronesia, Fed. Sts.",FSM,,2010
Gabon,GAB,20.38999939,2010
United Kingdom,GBR,7.787000179,2010
Georgia,GEO,20.20299911,2010
Ghana,GHA,5.320000172,2010
Gibraltar,GIB,,2010
Guinea,GIN,4.486999989,2010
"Gambia, The",GMB,9.395000458,2010
Guinea-Bissau,GNB,2.655999899,2010
Equatorial Guinea,GNQ,6.72300005,2010
Greece,GRC,12.7130003,2010
Grenada,GRD,,2010
Greenland,GRL,,2010
Guatemala,GTM,3.496999979,2010
Guam,GUM,8.199999809,2010
Guyana,GUY,11.45400047,2010
High income,HIC,8.224436328,2010
"Hong Kong SAR, China",HKG,4.309999943,2010
Honduras,HND,4.118999958,2010
Heavily indebted poor countries (HIPC),HPC,4.987317108,2010
Croatia,HRV,11.61999989,2010
Haiti,HTI,15.37899971,2010
Hungary,HUN,11.17199993,2010
IBRD only,IBD,5.820642258,2010
IDA & IBRD total,IBT,5.464607668,2010
IDA total,IDA,4.050554587,2010
IDA blend,IDB,2.913780768,2010
Indonesia,IDN,5.613999844,2010
IDA only,IDX,4.566440161,2010
Isle of Man,IMN,,2010
India,IND,5.636000156,2010
Not classified,INX,,2010
Ireland,IRL,14.53299999,2010
"Iran, Islamic Rep.",IRN,13.52000046,2010
Iraq,IRQ,8.366000175,2010
Iceland,ISL,7.56400013,2010
Israel,ISR,8.479999542,2010
Italy,ITA,8.362999916,2010
Jamaica,JAM,12.36600018,2010
Jordan,JOR,12.5,2010
Japan,JPN,5.099999905,2010
Kazakhstan,KAZ,5.769999981,2010
Kenya,KEN,2.842000008,2010
Kyrgyz Republic,KGZ,8.640000343,2010
Cambodia,KHM,0.771000028,2010
Kiribati,KIR,,2010
St. Kitts and Nevis,KNA,,2010
"Korea, Rep.",KOR,3.700000048,2010
Kuwait,KWT,1.820000052,2010
Latin America & Caribbean (excluding high income),LAC,6.884616035,2010
Lao PDR,LAO,0.708000004,2010
Lebanon,LBN,6.419000149,2010
Liberia,LBR,2.266000032,2010
Libya,LBY,18.99900055,2010
St. Lucia,LCA,17.12100029,2010
Latin America & Caribbean,LCN,6.958046646,2010
Least developed countries: UN classification,LDC,4.466602112,2010
Low income,LIC,4.297081624,2010
Liechtenstein,LIE,,2010
Sri Lanka,LKA,4.78399992,2010
Lower middle income,LMC,5.043892297,2010
Low & middle income,LMY,5.406470577,2010
Lesotho,LSO,26.81399918,2010
Late-demographic dividend,LTE,5.195277981,2010
Lithuania,LTU,17.81399918,2010
Luxembourg,LUX,4.361000061,2010
Latvia,LVA,19.48200035,2010
"Macao SAR, China",MAC,2.839999914,2010
St. Martin (French part),MAF,,2010
Morocco,MAR,9.090000153,2010
Monaco,MCO,,2010
Moldova,MDA,7.446000099,2010
Madagascar,MDG,4.28000021,2010
Maldives,MDV,4.143000126,2010
Middle East & North Africa,MEA,9.519261628,2010
Mexico,MEX,5.302999973,2010
Marshall Islands,MHL,,2010
Middle income,MIC,5.516739823,2010
North Macedonia,MKD,32.02000046,2010
Mali,MLI,8.069999695,2010
Malta,MLT,6.847000122,2010
Myanmar,MMR,0.785000026,2010
Middle East & North Africa (excluding high income),MNA,10.72399174,2010
Montenegro,MNE,19.64900017,2010
Mongolia,MNG,6.548999786,2010
Northern Mariana Islands,MNP,,2010
Mozambique,MOZ,3.259000063,2010
Mauritania,MRT,9.842000008,2010
Mauritius,MUS,7.653999805,2010
Malawi,MWI,5.910999775,2010
Malaysia,MYS,3.25,2010
North America,NAC,9.463324148,2010
Namibia,NAM,22.10000038,2010
New Caledonia,NCL,14.39799976,2010
Niger,NER,0.583999991,2010
Nigeria,NGA,3.76699996,2010
Nicaragua,NIC,7.829999924,2010
Netherlands,NLD,4.988999844,2010
Norway,NOR,3.520999908,2010
Nepal,NPL,1.516000032,2010
Nauru,NRU,,2010
New Zealand,NZL,6.55700016,2010
OECD members,OED,8.336601069,2010
Oman,OMN,5.018000126,2010
Other small states,OSS,10.94221683,2010
Pakistan,PAK,0.652999997,2010
Panama,PAN,3.713000059,2010
Peru,PER,3.477999926,2010
Philippines,PHL,3.605000019,2010
Palau,PLW,,2010
Papua New Guinea,PNG,2.002000093,2010
Poland,POL,9.637000084,2010
Pre-demographic dividend,PRE,5.280129837,2010
Puerto Rico,PRI,16.10000038,2010
"Korea, Dem. People’s Rep.",PRK,2.943000078,2010
Portugal,PRT,10.77000046,2010
Paraguay,PRY,4.568999767,2010
West Bank and Gaza,PSE,21.41600037,2010
Pacific island small states,PSS,3.439721057,2010
Post-demographic dividend,PST,8.303344321,2010
French Polynesia,PYF,14.31900024,2010
Qatar,QAT,0.449999988,2010
Romania,ROU,6.959000111,2010
Russian Federation,RUS,7.368999958,2010
Rwanda,RWA,1.072000027,2010
South Asia,SAS,4.908353961,2010
Saudi Arabia,SAU,5.550000191,2010
Sudan,SDN,15.18599987,2010
Senegal,SEN,10.34500027,2010
Singapore,SGP,4.119999886,2010
Solomon Islands,SLB,1.654999971,2010
Sierra Leone,SLE,4.157000065,2010
El Salvador,SLV,4.893000126,2010
San Marino,SMR,,2010
Somalia,SOM,11.72399998,2010
Serbia,SRB,19.21800041,2010
Sub-Saharan Africa (excluding high income),SSA,5.947563218,2010
South Sudan,SSD,12.67700005,2010
Sub-Saharan Africa,SSF,5.947563218,2010
Small states,SST,10.39463626,2010
Sao Tome and Principe,STP,14.65999985,2010
Suriname,SUR,7.150000095,2010
Slovak Republic,SVK,14.37899971,2010
Slovenia,SVN,7.236000061,2010
Sweden,SWE,8.609999657,2010
Eswatini,SWZ,26.91799927,2010
Sint Maarten (Dutch part),SXM,,2010
Seychelles,SYC,,2010
Syrian Arab Republic,SYR,8.609999657,2010
Turks and Caicos Islands,TCA,,2010
Chad,TCD,1.570000052,2010
East Asia & Pacific (IDA & IBRD countries),TEA,4.163787856,2010
Europe & Central Asia (IDA & IBRD countries),TEC,8.569517257,2010
Togo,TGO,2.39199996,2010
Thailand,THA,0.621999979,2010
Tajikistan,TJK,11.60900021,2010
Turkmenistan,TKM,4,2010
Latin America & the Caribbean (IDA & IBRD countries),TLA,6.989474569,2010
Timor-Leste,TLS,3.301000118,2010
Middle East & North Africa (IDA & IBRD countries),TMN,10.63373239,2010
Tonga,TON,1.151000023,2010
South Asia (IDA & IBRD),TSA,4.908353961,2010
Sub-Saharan Africa (IDA & IBRD countries),TSS,5.947563218,2010
Trinidad and Tobago,TTO,3.775000095,2010
Tunisia,TUN,13.04899979,2010
Turkey,TUR,10.65999985,2010
Tuvalu,TUV,,2010
Tanzania,TZA,2.986000061,2010
Uganda,UGA,3.624000072,2010
Ukraine,UKR,8.100000381,2010
Upper middle income,UMC,5.901401276,2010
Uruguay,URY,7.157999992,2010
United States,USA,9.633000374,2010
Uzbekistan,UZB,5.360000134,2010
St. Vincent and the Grenadines,VCT,19.44300079,2010
"Venezuela, RB",VEN,7.111999989,2010
British Virgin Islands,VGB,,2010
Virgin Islands (U.S.),VIR,10.00300026,2010
Vietnam,VNM,1.113999963,2010
Vanuatu,VUT,4.625,2010
World,WLD,5.922201988,2010
Samoa,WSM,5.602000237,2010
Kosovo,XKX,,2010
"Yemen, Rep.",YEM,12.93200016,2010
South Africa,ZAF,24.69300079,2010
Zambia,ZMB,13.18999958,2010
Zimbabwe,ZWE,5.217000008,2010
Aruba,ABW,,2011
Afghanistan,AFG,11.48799992,2011
Angola,AGO,7.361999989,2011
Albania,ALB,13.48099995,2011
Andorra,AND,,2011
Arab World,ARB,10.28468905,2011
United Arab Emirates,ARE,2.496000051,2011
Argentina,ARG,7.179999828,2011
Armenia,ARM,18.44300079,2011
American Samoa,ASM,,2011
Antigua and Barbuda,ATG,,2011
Australia,AUS,5.080999851,2011
Austria,AUT,4.56400013,2011
Azerbaijan,AZE,5.420000076,2011
Burundi,BDI,1.715000033,2011
Belgium,BEL,7.139999866,2011
Benin,BEN,2.645999908,2011
Burkina Faso,BFA,5.143000126,2011
Bangladesh,BGD,3.704999924,2011
Bulgaria,BGR,11.26000023,2011
Bahrain,BHR,1.274000049,2011
"Bahamas, The",BHS,14.52000046,2011
Bosnia and Herzegovina,BIH,27.58200073,2011
Belarus,BLR,6.09800005,2011
Belize,BLZ,8.425999641,2011
Bermuda,BMU,,2011
Bolivia,BOL,2.219000101,2011
Brazil,BRA,6.916999817,2011
Barbados,BRB,11.18999958,2011
Brunei Darussalam,BRN,6.693999767,2011
Bhutan,BTN,3.230000019,2011
Botswana,BWA,17.86499977,2011
Central African Republic,CAF,3.928999901,2011
Canada,CAN,7.511000156,2011
Central Europe and the Baltics,CEB,9.789357528,2011
Switzerland,CHE,4.407999992,2011
Channel Islands,CHI,8.378000259,2011
Chile,CHL,7.343999863,2011
China,CHN,4.547999859,2011
Cote d'Ivoire,CIV,6.953999996,2011
Cameroon,CMR,3.969000101,2011
"Congo, Dem. Rep.",COD,4.222000122,2011
"Congo, Rep.",COG,11.89700031,2011
Colombia,COL,10.11100006,2011
Comoros,COM,4.551000118,2011
Cabo Verde,CPV,10.93500042,2011
Costa Rica,CRI,10.13899994,2011
Caribbean small states,CSS,10.41408688,2011
Cuba,CUB,3.180000067,2011
Curacao,CUW,,2011
Cayman Islands,CYM,,2011
Cyprus,CYP,7.855999947,2011
Czech Republic,CZE,6.710999966,2011
Germany,DEU,5.823999882,2011
Djibouti,DJI,10.68500042,2011
Dominica,DMA,,2011
Denmark,DNK,7.572999954,2011
Dominican Republic,DOM,6.086999893,2011
Algeria,DZA,9.960000038,2011
East Asia & Pacific (excluding high income),EAP,4.139006418,2011
Early-demographic dividend,EAR,5.666284995,2011
East Asia & Pacific,EAS,4.159797608,2011
Europe & Central Asia (excluding high income),ECA,7.820610361,2011
Europe & Central Asia,ECS,8.76070264,2011
Ecuador,ECU,3.457999945,2011
"Egypt, Arab Rep.",EGY,11.84899998,2011
Euro area,EMU,10.11072373,2011
Eritrea,ERI,5.412000179,2011
Spain,ESP,21.38999939,2011
Estonia,EST,12.32800007,2011
Ethiopia,ETH,2.303999901,2011
European Union,EUU,9.836140727,2011
Fragile and conflict affected situations,FCS,5.822438244,2011
Finland,FIN,7.781000137,2011
Fiji,FJI,4.40500021,2011
France,FRA,8.81099987,2011
Faroe Islands,FRO,,2011
"Micronesia, Fed. Sts.",FSM,,2011
Gabon,GAB,20.39599991,2011
United Kingdom,GBR,8.036999702,2011
Georgia,GEO,19.63199997,2011
Ghana,GHA,5.618999958,2011
Gibraltar,GIB,,2011
Guinea,GIN,4.489999771,2011
"Gambia, The",GMB,9.399000168,2011
Guinea-Bissau,GNB,2.657999992,2011
Equatorial Guinea,GNQ,6.725999832,2011
Greece,GRC,17.86499977,2011
Grenada,GRD,,2011
Greenland,GRL,,2011
Guatemala,GTM,3.115999937,2011
Guam,GUM,13.30000019,2011
Guyana,GUY,11.58699989,2011
High income,HIC,7.88826689,2011
"Hong Kong SAR, China",HKG,3.420000076,2011
Honduras,HND,4.473999977,2011
Heavily indebted poor countries (HIPC),HPC,4.941456878,2011
Croatia,HRV,13.67800045,2011
Haiti,HTI,14.72299957,2011
Hungary,HUN,11.02900028,2011
IBRD only,IBD,5.733456649,2011
IDA & IBRD total,IBT,5.394455374,2011
IDA total,IDA,4.0699981,2011
IDA blend,IDB,2.90206601,2011
Indonesia,IDN,5.152999878,2011
IDA only,IDX,4.603384019,2011
Isle of Man,IMN,,2011
India,IND,5.638000011,2011
Not classified,INX,,2011
Ireland,IRL,15.35299969,2011
"Iran, Islamic Rep.",IRN,12.44999981,2011
Iraq,IRQ,8.157999992,2011
Iceland,ISL,7.027999878,2011
Israel,ISR,7.138999939,2011
Italy,ITA,8.359000206,2011
Jamaica,JAM,12.69999981,2011
Jordan,JOR,12.89999962,2011
Japan,JPN,4.520999908,2011
Kazakhstan,KAZ,5.389999866,2011
Kenya,KEN,2.844000101,2011
Kyrgyz Republic,KGZ,8.529999733,2011
Cambodia,KHM,0.577000022,2011
Kiribati,KIR,,2011
St. Kitts and Nevis,KNA,,2011
"Korea, Rep.",KOR,3.400000095,2011
Kuwait,KWT,2.21600008,2011
Latin America & Caribbean (excluding high income),LAC,6.433894468,2011
Lao PDR,LAO,0.708999991,2011
Lebanon,LBN,6.421999931,2011
Liberia,LBR,2.237999916,2011
Libya,LBY,19.00499916,2011
St. Lucia,LCA,18.86000061,2011
Latin America & Caribbean,LCN,6.480816396,2011
Least developed countries: UN classification,LDC,4.443122192,2011
Low income,LIC,4.24592606,2011
Liechtenstein,LIE,,2011
Sri Lanka,LKA,4.118000031,2011
Lower middle income,LMC,5.110290698,2011
Low & middle income,LMY,5.340105184,2011
Lesotho,LSO,26.04199982,2011
Late-demographic dividend,LTE,5.105206494,2011
Lithuania,LTU,15.39000034,2011
Luxembourg,LUX,4.901000023,2011
Latvia,LVA,16.20599937,2011
"Macao SAR, China",MAC,2.559999943,2011
St. Martin (French part),MAF,,2011
Morocco,MAR,8.909999847,2011
Monaco,MCO,,2011
Moldova,MDA,6.68200016,2011
Madagascar,MDG,2.019000053,2011
Maldives,MDV,4.40899992,2011
Middle East & North Africa,MEA,10.02754104,2011
Mexico,MEX,5.170000076,2011
Marshall Islands,MHL,,2011
Middle income,MIC,5.450402844,2011
North Macedonia,MKD,31.37700081,2011
Mali,MLI,6.900000095,2011
Malta,MLT,6.377999783,2011
Myanmar,MMR,0.786000013,2011
Middle East & North Africa (excluding high income),MNA,11.4335559,2011
Montenegro,MNE,19.67099953,2011
Mongolia,MNG,4.769000053,2011
Northern Mariana Islands,MNP,,2011
Mozambique,MOZ,3.305000067,2011
Mauritania,MRT,9.845999718,2011
Mauritius,MUS,7.447000027,2011
Malawi,MWI,5.914000034,2011
Malaysia,MYS,3.049999952,2011
North America,NAC,8.79328916,2011
Namibia,NAM,19.33499908,2011
New Caledonia,NCL,14.35599995,2011
Niger,NER,0.317000002,2011
Nigeria,NGA,3.769999981,2011
Nicaragua,NIC,6.447000027,2011
Netherlands,NLD,4.977000237,2011
Norway,NOR,3.214999914,2011
Nepal,NPL,1.51699996,2011
Nauru,NRU,,2011
New Zealand,NZL,6.491000175,2011
OECD members,OED,7.951066901,2011
Oman,OMN,4.624000072,2011
Other small states,OSS,10.43913799,2011
Pakistan,PAK,0.796000004,2011
Panama,PAN,2.311000109,2011
Peru,PER,3.441999912,2011
Philippines,PHL,3.592000008,2011
Palau,PLW,,2011
Papua New Guinea,PNG,2.619999886,2011
Poland,POL,9.631999969,2011
Pre-demographic dividend,PRE,5.180717328,2011
Puerto Rico,PRI,15.69999981,2011
"Korea, Dem. People’s Rep.",PRK,2.944000006,2011
Portugal,PRT,12.67700005,2011
Paraguay,PRY,4.669000149,2011
West Bank and Gaza,PSE,17.59700012,2011
Pacific island small states,PSS,3.364346842,2011
Post-demographic dividend,PST,8.012576012,2011
French Polynesia,PYF,14.31400013,2011
Qatar,QAT,0.560000002,2011
Romania,ROU,7.177000046,2011
Russian Federation,RUS,6.535999775,2011
Rwanda,RWA,1.101999998,2011
South Asia,SAS,4.935868217,2011
Saudi Arabia,SAU,5.769999981,2011
Sudan,SDN,17.44000053,2011
Senegal,SEN,10.35999966,2011
Singapore,SGP,3.890000105,2011
Solomon Islands,SLB,1.286000013,2011
Sierra Leone,SLE,4.293000221,2011
El Salvador,SLV,4.296999931,2011
San Marino,SMR,,2011
Somalia,SOM,11.72799969,2011
Serbia,SRB,22.9659996,2011
Sub-Saharan Africa (excluding high income),SSA,5.853487122,2011
South Sudan,SSD,12.68099976,2011
Sub-Saharan Africa,SSF,5.853487122,2011
Small states,SST,10.04814486,2011
Sao Tome and Principe,STP,14.11200047,2011
Suriname,SUR,7.539999962,2011
Slovak Republic,SVK,13.61699963,2011
Slovenia,SVN,8.166000366,2011
Sweden,SWE,7.803999901,2011
Eswatini,SWZ,26.24200058,2011
Sint Maarten (Dutch part),SXM,,2011
Seychelles,SYC,,2011
Syrian Arab Republic,SYR,8.61400032,2011
Turks and Caicos Islands,TCA,,2011
Chad,TCD,1.633000016,2011
East Asia & Pacific (IDA & IBRD countries),TEA,4.156131503,2011
Europe & Central Asia (IDA & IBRD countries),TEC,8.032687957,2011
Togo,TGO,1.981999993,2011
Thailand,THA,0.660000026,2011
Tajikistan,TJK,11.61400032,2011
Turkmenistan,TKM,4.001999855,2011
Latin America & the Caribbean (IDA & IBRD countries),TLA,6.489922564,2011
Timor-Leste,TLS,3.529999971,2011
Middle East & North Africa (IDA & IBRD countries),TMN,11.37877324,2011
Tonga,TON,1.15199995,2011
South Asia (IDA & IBRD),TSA,4.935868217,2011
Sub-Saharan Africa (IDA & IBRD countries),TSS,5.853487122,2011
Trinidad and Tobago,TTO,3.247999907,2011
Tunisia,TUN,18.33399963,2011
Turkey,TUR,8.795999527,2011
Tuvalu,TUV,,2011
Tanzania,TZA,3.470000029,2011
Uganda,UGA,3.582000017,2011
Ukraine,UKR,7.850999832,2011
Upper middle income,UMC,5.728745092,2011
Uruguay,URY,6.30700016,2011
United States,USA,8.949000359,2011
Uzbekistan,UZB,4.960000038,2011
St. Vincent and the Grenadines,VCT,19.44799995,2011
"Venezuela, RB",VEN,6.90199995,2011
British Virgin Islands,VGB,,2011
Virgin Islands (U.S.),VIR,9.892000198,2011
Vietnam,VNM,1.875,2011
Vanuatu,VUT,4.627999783,2011
World,WLD,5.803589453,2011
Samoa,WSM,5.679999828,2011
Kosovo,XKX,,2011
"Yemen, Rep.",YEM,13.07999992,2011
South Africa,ZAF,24.65299988,2011
Zambia,ZMB,10.34300041,2011
Zimbabwe,ZWE,5.368000031,2011
Aruba,ABW,,2012
Afghanistan,AFG,11.50800037,2012
Angola,AGO,7.379000187,2012
Albania,ALB,13.3760004,2012
Andorra,AND,,2012
Arab World,ARB,10.49077252,2012
United Arab Emirates,ARE,2.509000063,2012
Argentina,ARG,7.217000008,2012
Armenia,ARM,17.3010006,2012
American Samoa,ASM,,2012
Antigua and Barbuda,ATG,,2012
Australia,AUS,5.223999977,2012
Austria,AUT,4.864999771,2012
Azerbaijan,AZE,5.190000057,2012
Burundi,BDI,1.677999973,2012
Belgium,BEL,7.541999817,2012
Benin,BEN,2.660000086,2012
Burkina Faso,BFA,5.600999832,2012
Bangladesh,BGD,4.054999828,2012
Bulgaria,BGR,12.27000046,2012
Bahrain,BHR,1.200000048,2012
"Bahamas, The",BHS,14.02000046,2012
Bosnia and Herzegovina,BIH,28.01000023,2012
Belarus,BLR,6.078000069,2012
Belize,BLZ,8.385000229,2012
Bermuda,BMU,,2012
Bolivia,BOL,2.048000097,2012
Brazil,BRA,7.18599987,2012
Barbados,BRB,11.59000015,2012
Brunei Darussalam,BRN,6.90500021,2012
Bhutan,BTN,2.049999952,2012
Botswana,BWA,17.88899994,2012
Central African Republic,CAF,3.940000057,2012
Canada,CAN,7.291999817,2012
Central Europe and the Baltics,CEB,9.977712216,2012
Switzerland,CHE,4.485000134,2012
Channel Islands,CHI,8.463999748,2012
Chile,CHL,6.65899992,2012
China,CHN,4.570000172,2012
Cote d'Ivoire,CIV,7.22300005,2012
Cameroon,CMR,3.836999893,2012
"Congo, Dem. Rep.",COD,4.485000134,2012
"Congo, Rep.",COG,10,2012
Colombia,COL,9.739999771,2012
Comoros,COM,4.563000202,2012
Cabo Verde,CPV,11.21800041,2012
Costa Rica,CRI,9.784000397,2012
Caribbean small states,CSS,11.01011463,2012
Cuba,CUB,3.460000038,2012
Curacao,CUW,,2012
Cayman Islands,CYM,,2012
Cyprus,CYP,11.79500008,2012
Czech Republic,CZE,6.978000164,2012
Germany,DEU,5.379000187,2012
Djibouti,DJI,10.70400047,2012
Dominica,DMA,,2012
Denmark,DNK,7.526000023,2012
Dominican Republic,DOM,6.722000122,2012
Algeria,DZA,10.97000027,2012
East Asia & Pacific (excluding high income),EAP,4.062793899,2012
Early-demographic dividend,EAR,5.644090709,2012
East Asia & Pacific,EAS,4.074860391,2012
Europe & Central Asia (excluding high income),ECA,7.23109516,2012
Europe & Central Asia,ECS,8.971102298,2012
Ecuador,ECU,3.234999895,2012
"Egypt, Arab Rep.",EGY,12.59700012,2012
Euro area,EMU,11.28865642,2012
Eritrea,ERI,5.426000118,2012
Spain,ESP,24.78700066,2012
Estonia,EST,10.02099991,2012
Ethiopia,ETH,2.276000023,2012
European Union,EUU,10.80260593,2012
Fragile and conflict affected situations,FCS,5.854309048,2012
Finland,FIN,7.68900013,2012
Fiji,FJI,4.422999859,2012
France,FRA,9.399999619,2012
Faroe Islands,FRO,,2012
"Micronesia, Fed. Sts.",FSM,,2012
Gabon,GAB,20.42399979,2012
United Kingdom,GBR,7.885000229,2012
Georgia,GEO,19.65299988,2012
Ghana,GHA,5.936999798,2012
Gibraltar,GIB,,2012
Guinea,GIN,4.501999855,2012
"Gambia, The",GMB,9.416999817,2012
Guinea-Bissau,GNB,2.667999983,2012
Equatorial Guinea,GNQ,6.741000175,2012
Greece,GRC,24.43899918,2012
Grenada,GRD,,2012
Greenland,GRL,,2012
Guatemala,GTM,2.765000105,2012
Guam,GUM,12.19999981,2012
Guyana,GUY,11.73799992,2012
High income,HIC,7.92674867,2012
"Hong Kong SAR, China",HKG,3.289999962,2012
Honduras,HND,3.753999949,2012
Heavily indebted poor countries (HIPC),HPC,4.800138881,2012
Croatia,HRV,15.93500042,2012
Haiti,HTI,14.10000038,2012
Hungary,HUN,11.00300026,2012
IBRD only,IBD,5.666969158,2012
IDA & IBRD total,IBT,5.35161677,2012
IDA total,IDA,4.133062338,2012
IDA blend,IDB,3.151423004,2012
Indonesia,IDN,4.467999935,2012
IDA only,IDX,4.579015381,2012
Isle of Man,IMN,,2012
India,IND,5.65199995,2012
Not classified,INX,,2012
Ireland,IRL,15.45100021,2012
"Iran, Islamic Rep.",IRN,12.63000011,2012
Iraq,IRQ,7.965000153,2012
Iceland,ISL,6,2012
Israel,ISR,6.856999874,2012
Italy,ITA,10.65499973,2012
Jamaica,JAM,13.93000031,2012
Jordan,JOR,12.19999981,2012
Japan,JPN,4.300000191,2012
Kazakhstan,KAZ,5.289999962,2012
Kenya,KEN,2.854000092,2012
Kyrgyz Republic,KGZ,8.430000305,2012
Cambodia,KHM,0.504999995,2012
Kiribati,KIR,,2012
St. Kitts and Nevis,KNA,,2012
"Korea, Rep.",KOR,3.200000048,2012
Kuwait,KWT,2.61500001,2012
Latin America & Caribbean (excluding high income),LAC,6.372248859,2012
Lao PDR,LAO,0.712000012,2012
Lebanon,LBN,6.434999943,2012
Liberia,LBR,2.214999914,2012
Libya,LBY,19.03000069,2012
St. Lucia,LCA,19.05999947,2012
Latin America & Caribbean,LCN,6.395173951,2012
Least developed countries: UN classification,LDC,4.422566058,2012
Low income,LIC,4.197391231,2012
Liechtenstein,LIE,,2012
Sri Lanka,LKA,3.880000114,2012
Lower middle income,LMC,5.078822235,2012
Low & middle income,LMY,5.296057355,2012
Lesotho,LSO,25.30200005,2012
Late-demographic dividend,LTE,5.052686454,2012
Lithuania,LTU,13.36499977,2012
Luxembourg,LUX,5.139999866,2012
Latvia,LVA,15.04699993,2012
"Macao SAR, China",MAC,1.970000029,2012
St. Martin (French part),MAF,,2012
Morocco,MAR,8.989999771,2012
Monaco,MCO,,2012
Moldova,MDA,5.578000069,2012
Madagascar,MDG,0.598999977,2012
Maldives,MDV,4.695000172,2012
Middle East & North Africa,MEA,10.22681354,2012
Mexico,MEX,4.887000084,2012
Marshall Islands,MHL,,2012
Middle income,MIC,5.408353227,2012
North Macedonia,MKD,31.01600075,2012
Mali,MLI,7.096000195,2012
Malta,MLT,6.196000099,2012
Myanmar,MMR,0.790000021,2012
Middle East & North Africa (excluding high income),MNA,11.76180806,2012
Montenegro,MNE,19.97400093,2012
Mongolia,MNG,3.904999971,2012
Northern Mariana Islands,MNP,,2012
Mozambique,MOZ,3.361999989,2012
Mauritania,MRT,9.864999771,2012
Mauritius,MUS,7.472000122,2012
Malawi,MWI,5.927999973,2012
Malaysia,MYS,3.039999962,2012
North America,NAC,7.984914937,2012
Namibia,NAM,16.77099991,2012
New Caledonia,NCL,14.67199993,2012
Niger,NER,0.384000003,2012
Nigeria,NGA,3.734999895,2012
Nicaragua,NIC,5.208000183,2012
Netherlands,NLD,5.821000099,2012
Norway,NOR,3.122999907,2012
Nepal,NPL,1.524999976,2012
Nauru,NRU,,2012
New Zealand,NZL,6.931000233,2012
OECD members,OED,7.939665163,2012
Oman,OMN,4.531000137,2012
Other small states,OSS,10.16885708,2012
Pakistan,PAK,1.700000048,2012
Panama,PAN,2.391000032,2012
Peru,PER,3.108999968,2012
Philippines,PHL,3.503999949,2012
Palau,PLW,,2012
Papua New Guinea,PNG,2.630000114,2012
Poland,POL,10.0880003,2012
Pre-demographic dividend,PRE,5.078332641,2012
Puerto Rico,PRI,14.5,2012
"Korea, Dem. People’s Rep.",PRK,2.953999996,2012
Portugal,PRT,15.52700043,2012
Paraguay,PRY,4.085000038,2012
West Bank and Gaza,PSE,19.20199966,2012
Pacific island small states,PSS,3.437726983,2012
Post-demographic dividend,PST,8.065899501,2012
French Polynesia,PYF,14.58199978,2012
Qatar,QAT,0.479999989,2012
Romania,ROU,6.794000149,2012
Russian Federation,RUS,5.43599987,2012
Rwanda,RWA,1.138000011,2012
South Asia,SAS,5.056030719,2012
Saudi Arabia,SAU,5.519999981,2012
Sudan,SDN,17.4659996,2012
Senegal,SEN,9.427000046,2012
Singapore,SGP,3.720000029,2012
Solomon Islands,SLB,0.967999995,2012
Sierra Leone,SLE,4.440999985,2012
El Salvador,SLV,3.842999935,2012
San Marino,SMR,,2012
Somalia,SOM,11.74800014,2012
Serbia,SRB,24,2012
Sub-Saharan Africa (excluding high income),SSA,5.775858159,2012
South Sudan,SSD,12.70199966,2012
Sub-Saharan Africa,SSF,5.775858159,2012
Small states,SST,9.973721762,2012
Sao Tome and Principe,STP,13.59000015,2012
Suriname,SUR,8.100000381,2012
Slovak Republic,SVK,13.9630003,2012
Slovenia,SVN,8.840000153,2012
Sweden,SWE,7.975999832,2012
Eswatini,SWZ,25.59799957,2012
Sint Maarten (Dutch part),SXM,,2012
Seychelles,SYC,,2012
Syrian Arab Republic,SYR,8.630999565,2012
Turks and Caicos Islands,TCA,,2012
Chad,TCD,1.703999996,2012
East Asia & Pacific (IDA & IBRD countries),TEA,4.078713468,2012
Europe & Central Asia (IDA & IBRD countries),TEC,7.560255483,2012
Togo,TGO,2.052000046,2012
Thailand,THA,0.579999983,2012
Tajikistan,TJK,11.63599968,2012
Turkmenistan,TKM,4.012000084,2012
Latin America & the Caribbean (IDA & IBRD countries),TLA,6.403343598,2012
Timor-Leste,TLS,3.776000023,2012
Middle East & North Africa (IDA & IBRD countries),TMN,11.69402694,2012
Tonga,TON,1.156000018,2012
South Asia (IDA & IBRD),TSA,5.056030719,2012
Sub-Saharan Africa (IDA & IBRD countries),TSS,5.775858159,2012
Trinidad and Tobago,TTO,3.453000069,2012
Tunisia,TUN,17.62999916,2012
Turkey,TUR,8.149000168,2012
Tuvalu,TUV,,2012
Tanzania,TZA,3.193000078,2012
Uganda,UGA,3.551000118,2012
Ukraine,UKR,7.528999805,2012
Upper middle income,UMC,5.678409362,2012
Uruguay,URY,6.451000214,2012
United States,USA,8.069000244,2012
Uzbekistan,UZB,4.869999886,2012
St. Vincent and the Grenadines,VCT,19.47299957,2012
"Venezuela, RB",VEN,6.600999832,2012
British Virgin Islands,VGB,,2012
Virgin Islands (U.S.),VIR,10.03499985,2012
Vietnam,VNM,1.675999999,2012
Vanuatu,VUT,4.640999794,2012
World,WLD,5.774086013,2012
Samoa,WSM,8.751999855,2012
Kosovo,XKX,,2012
"Yemen, Rep.",YEM,13.24800014,2012
South Africa,ZAF,24.73200035,2012
Zambia,ZMB,7.849999905,2012
Zimbabwe,ZWE,5.381000042,2012
Aruba,ABW,,2013
Afghanistan,AFG,11.5340004,2013
Angola,AGO,7.400000095,2013
Albania,ALB,15.86600018,2013
Andorra,AND,,2013
Arab World,ARB,10.57413099,2013
United Arab Emirates,ARE,2.575999975,2013
Argentina,ARG,7.099999905,2013
Armenia,ARM,16.17900085,2013
American Samoa,ASM,,2013
Antigua and Barbuda,ATG,,2013
Australia,AUS,5.662000179,2013
Austria,AUT,5.335000038,2013
Azerbaijan,AZE,4.96999979,2013
Burundi,BDI,1.644000053,2013
Belgium,BEL,8.425000191,2013
Benin,BEN,2.677000046,2013
Burkina Faso,BFA,6.086999893,2013
Bangladesh,BGD,4.426000118,2013
Bulgaria,BGR,12.94099998,2013
Bahrain,BHR,1.322999954,2013
"Bahamas, The",BHS,16.18000031,2013
Bosnia and Herzegovina,BIH,27.45000076,2013
Belarus,BLR,6.063000202,2013
Belize,BLZ,8.348999977,2013
Bermuda,BMU,,2013
Bolivia,BOL,2.394000053,2013
Brazil,BRA,6.975999832,2013
Barbados,BRB,11.55000019,2013
Brunei Darussalam,BRN,7.125999928,2013
Bhutan,BTN,2.869999886,2013
Botswana,BWA,17.92099953,2013
Central African Republic,CAF,3.95600009,2013
Canada,CAN,7.073999882,2013
Central Europe and the Baltics,CEB,10.04467346,2013
Switzerland,CHE,4.747000217,2013
Channel Islands,CHI,8.520999908,2013
Chile,CHL,6.214000225,2013
China,CHN,4.590000153,2013
Cote d'Ivoire,CIV,4.254000187,2013
Cameroon,CMR,3.710999966,2013
"Congo, Dem. Rep.",COD,4.502999783,2013
"Congo, Rep.",COG,10.02000046,2013
Colombia,COL,9.052000046,2013
Comoros,COM,4.578999996,2013
Cabo Verde,CPV,11.51099968,2013
Costa Rica,CRI,8.767999649,2013
Caribbean small states,CSS,11.54312327,2013
Cuba,CUB,3.289999962,2013
Curacao,CUW,,2013
Cayman Islands,CYM,,2013
Cyprus,CYP,15.87100029,2013
Czech Republic,CZE,6.953000069,2013
Germany,DEU,5.230999947,2013
Djibouti,DJI,10.72900009,2013
Dominica,DMA,,2013
Denmark,DNK,6.997000217,2013
Dominican Republic,DOM,7.352000237,2013
Algeria,DZA,9.819999695,2013
East Asia & Pacific (excluding high income),EAP,4.074267766,2013
Early-demographic dividend,EAR,5.718647741,2013
East Asia & Pacific,EAS,4.070114876,2013
Europe & Central Asia (excluding high income),ECA,7.262564573,2013
Europe & Central Asia,ECS,9.202883293,2013
Ecuador,ECU,3.082999945,2013
"Egypt, Arab Rep.",EGY,13.15400028,2013
Euro area,EMU,11.92865875,2013
Eritrea,ERI,5.443999767,2013
Spain,ESP,26.09399986,2013
Estonia,EST,8.630999565,2013
Ethiopia,ETH,2.250999928,2013
European Union,EUU,11.32309836,2013
Fragile and conflict affected situations,FCS,6.019099057,2013
Finland,FIN,8.19299984,2013
Fiji,FJI,4.445000172,2013
France,FRA,9.920999527,2013
Faroe Islands,FRO,,2013
"Micronesia, Fed. Sts.",FSM,,2013
Gabon,GAB,20.45999908,2013
United Kingdom,GBR,7.525000095,2013
Georgia,GEO,19.41600037,2013
Ghana,GHA,6.269000053,2013
Gibraltar,GIB,,2013
Guinea,GIN,4.518000126,2013
"Gambia, The",GMB,9.440999985,2013
Guinea-Bissau,GNB,2.680000067,2013
Equatorial Guinea,GNQ,6.761000156,2013
Greece,GRC,27.4659996,2013
Grenada,GRD,,2013
Greenland,GRL,,2013
Guatemala,GTM,3.01699996,2013
Guam,GUM,11.5,2013
Guyana,GUY,11.89599991,2013
High income,HIC,7.839844491,2013
"Hong Kong SAR, China",HKG,3.400000095,2013
Honduras,HND,4.096000195,2013
Heavily indebted poor countries (HIPC),HPC,4.683265043,2013
Croatia,HRV,17.25099945,2013
Haiti,HTI,14.13000011,2013
Hungary,HUN,10.17599964,2013
IBRD only,IBD,5.664035292,2013
IDA & IBRD total,IBT,5.371823981,2013
IDA total,IDA,4.257257666,2013
IDA blend,IDB,3.584673394,2013
Indonesia,IDN,4.335999966,2013
IDA only,IDX,4.560881585,2013
Isle of Man,IMN,,2013
India,IND,5.671000004,2013
Not classified,INX,,2013
Ireland,IRL,13.73499966,2013
"Iran, Islamic Rep.",IRN,10.43999958,2013
Iraq,IRQ,9.277999878,2013
Iceland,ISL,5.375999928,2013
Israel,ISR,6.208000183,2013
Italy,ITA,12.14900017,2013
Jamaica,JAM,15.2510004,2013
Jordan,JOR,12.60000038,2013
Japan,JPN,4,2013
Kazakhstan,KAZ,5.199999809,2013
Kenya,KEN,2.867000103,2013
Kyrgyz Republic,KGZ,8.329999924,2013
Cambodia,KHM,0.437999994,2013
Kiribati,KIR,,2013
St. Kitts and Nevis,KNA,,2013
"Korea, Rep.",KOR,3.099999905,2013
Kuwait,KWT,2.921999931,2013
Latin America & Caribbean (excluding high income),LAC,6.310423742,2013
Lao PDR,LAO,0.717000008,2013
Lebanon,LBN,6.452000141,2013
Liberia,LBR,2.196000099,2013
Libya,LBY,19.06299973,2013
St. Lucia,LCA,22.20999908,2013
Latin America & Caribbean,LCN,6.319193509,2013
Least developed countries: UN classification,LDC,4.456785808,2013
Low income,LIC,4.137885445,2013
Liechtenstein,LIE,,2013
Sri Lanka,LKA,4.241000175,2013
Lower middle income,LMC,5.168739189,2013
Low & middle income,LMY,5.316248611,2013
Lesotho,LSO,24.57999992,2013
Late-demographic dividend,LTE,5.03901545,2013
Lithuania,LTU,11.77000046,2013
Luxembourg,LUX,5.84800005,2013
Latvia,LVA,11.86699963,2013
"Macao SAR, China",MAC,1.820000052,2013
St. Martin (French part),MAF,,2013
Morocco,MAR,9.229999542,2013
Monaco,MCO,,2013
Moldova,MDA,5.104000092,2013
Madagascar,MDG,0.93599999,2013
Maldives,MDV,4.995999813,2013
Middle East & North Africa,MEA,9.885134567,2013
Mexico,MEX,4.914000034,2013
Marshall Islands,MHL,,2013
Middle income,MIC,5.438606543,2013
North Macedonia,MKD,28.99600029,2013
Mali,MLI,7.300000191,2013
Malta,MLT,6.105999947,2013
Myanmar,MMR,0.796000004,2013
Middle East & North Africa (excluding high income),MNA,11.37280153,2013
Montenegro,MNE,19.49600029,2013
Mongolia,MNG,4.230999947,2013
Northern Mariana Islands,MNP,,2013
Mozambique,MOZ,3.421999931,2013
Mauritania,MRT,9.887999535,2013
Mauritius,MUS,7.322000027,2013
Malawi,MWI,5.946000099,2013
Malaysia,MYS,3.109999895,2013
North America,NAC,7.342107393,2013
Namibia,NAM,19.02799988,2013
New Caledonia,NCL,14.91399956,2013
Niger,NER,0.458000004,2013
Nigeria,NGA,3.703000069,2013
Nicaragua,NIC,5.28000021,2013
Netherlands,NLD,7.243000031,2013
Norway,NOR,3.423000097,2013
Nepal,NPL,1.534000039,2013
Nauru,NRU,,2013
New Zealand,NZL,6.264999866,2013
OECD members,OED,7.882144833,2013
Oman,OMN,4.357999802,2013
Other small states,OSS,10.33820633,2013
Pakistan,PAK,2.953999996,2013
Panama,PAN,2.299999952,2013
Peru,PER,3.236999989,2013
Philippines,PHL,3.496999979,2013
Palau,PLW,,2013
Papua New Guinea,PNG,2.64199996,2013
Poland,POL,10.32600021,2013
Pre-demographic dividend,PRE,5.001238157,2013
Puerto Rico,PRI,14.30000019,2013
"Korea, Dem. People’s Rep.",PRK,2.967999935,2013
Portugal,PRT,16.18300056,2013
Paraguay,PRY,4.385000229,2013
West Bank and Gaza,PSE,19.8939991,2013
Pacific island small states,PSS,3.339150651,2013
Post-demographic dividend,PST,7.980151001,2013
French Polynesia,PYF,14.8039999,2013
Qatar,QAT,0.280000001,2013
Romania,ROU,7.096000195,2013
Russian Federation,RUS,5.458000183,2013
Rwanda,RWA,1.177999973,2013
South Asia,SAS,5.23424556,2013
Saudi Arabia,SAU,5.570000172,2013
Sudan,SDN,17.49900055,2013
Senegal,SEN,8.541999817,2013
Singapore,SGP,3.859999895,2013
Solomon Islands,SLB,0.694000006,2013
Sierra Leone,SLE,4.597000122,2013
El Salvador,SLV,3.693000078,2013
San Marino,SMR,,2013
Somalia,SOM,11.77499962,2013
Serbia,SRB,22.15399933,2013
Sub-Saharan Africa (excluding high income),SSA,5.683486943,2013
South Sudan,SSD,12.72999954,2013
Sub-Saharan Africa,SSF,5.683486943,2013
Small states,SST,10.20714195,2013
Sao Tome and Principe,STP,13.61600018,2013
Suriname,SUR,6.599999905,2013
Slovak Republic,SVK,14.22099972,2013
Slovenia,SVN,10.10200024,2013
Sweden,SWE,8.052000046,2013
Eswatini,SWZ,24.97100067,2013
Sint Maarten (Dutch part),SXM,,2013
Seychelles,SYC,,2013
Syrian Arab Republic,SYR,8.652999878,2013
Turks and Caicos Islands,TCA,,2013
Chad,TCD,1.781000018,2013
East Asia & Pacific (IDA & IBRD countries),TEA,4.090210988,2013
Europe & Central Asia (IDA & IBRD countries),TEC,7.618646823,2013
Togo,TGO,2.127000093,2013
Thailand,THA,0.488999993,2013
Tajikistan,TJK,11.66600037,2013
Turkmenistan,TKM,4.024000168,2013
Latin America & the Caribbean (IDA & IBRD countries),TLA,6.328551657,2013
Timor-Leste,TLS,4.034999847,2013
Middle East & North Africa (IDA & IBRD countries),TMN,11.29398888,2013
Tonga,TON,1.161999941,2013
South Asia (IDA & IBRD),TSA,5.23424556,2013
Sub-Saharan Africa (IDA & IBRD countries),TSS,5.683486943,2013
Trinidad and Tobago,TTO,2.460000038,2013
Tunisia,TUN,15.93400002,2013
Turkey,TUR,8.732000351,2013
Tuvalu,TUV,,2013
Tanzania,TZA,2.930000067,2013
Uganda,UGA,1.909999967,2013
Ukraine,UKR,7.170000076,2013
Upper middle income,UMC,5.661458658,2013
Uruguay,URY,6.443999767,2013
United States,USA,7.375,2013
Uzbekistan,UZB,4.860000134,2013
St. Vincent and the Grenadines,VCT,19.50699997,2013
"Venezuela, RB",VEN,7.539999962,2013
British Virgin Islands,VGB,,2013
Virgin Islands (U.S.),VIR,10.27099991,2013
Vietnam,VNM,1.976999998,2013
Vanuatu,VUT,4.657000065,2013
World,WLD,5.773223382,2013
Samoa,WSM,8.795999527,2013
Kosovo,XKX,,2013
"Yemen, Rep.",YEM,13.42399979,2013
South Africa,ZAF,24.56900024,2013
Zambia,ZMB,8.618000031,2013
Zimbabwe,ZWE,5.399000168,2013
Aruba,ABW,,2014
Afghanistan,AFG,11.44799995,2014
Angola,AGO,7.330999851,2014
Albania,ALB,17.48999977,2014
Andorra,AND,,2014
Arab World,ARB,10.65462669,2014
United Arab Emirates,ARE,2.211999893,2014
Argentina,ARG,7.268000126,2014
Armenia,ARM,17.49799919,2014
American Samoa,ASM,,2014
Antigua and Barbuda,ATG,,2014
Australia,AUS,6.077000141,2014
Austria,AUT,5.619999886,2014
Azerbaijan,AZE,4.909999847,2014
Burundi,BDI,1.572000027,2014
Belgium,BEL,8.522999763,2014
Benin,BEN,2.621000051,2014
Burkina Faso,BFA,6.479000092,2014
Bangladesh,BGD,4.394999981,2014
Bulgaria,BGR,11.42399979,2014
Bahrain,BHR,1.169999957,2014
"Bahamas, The",BHS,13.80000019,2014
Bosnia and Herzegovina,BIH,27.5170002,2014
Belarus,BLR,5.980999947,2014
Belize,BLZ,8.244000435,2014
Bermuda,BMU,,2014
Bolivia,BOL,2.006999969,2014
Brazil,BRA,6.660999775,2014
Barbados,BRB,12.17000008,2014
Brunei Darussalam,BRN,6.965000153,2014
Bhutan,BTN,2.630000114,2014
Botswana,BWA,17.81900024,2014
Central African Republic,CAF,3.90199995,2014
Canada,CAN,6.914000034,2014
Central Europe and the Baltics,CEB,8.949807285,2014
Switzerland,CHE,4.826000214,2014
Channel Islands,CHI,8.291999817,2014
Chile,CHL,6.664999962,2014
China,CHN,4.609000206,2014
Cote d'Ivoire,CIV,3.647000074,2014
Cameroon,CMR,3.53399992,2014
"Congo, Dem. Rep.",COD,4.445000172,2014
"Congo, Rep.",COG,9.956000328,2014
Colombia,COL,8.57199955,2014
Comoros,COM,4.527999878,2014
Cabo Verde,CPV,11.69799995,2014
Costa Rica,CRI,9.059000015,2014
Caribbean small states,CSS,10.76592595,2014
Cuba,CUB,2.700000048,2014
Curacao,CUW,,2014
Cayman Islands,CYM,,2014
Cyprus,CYP,16.08799934,2014
Czech Republic,CZE,6.107999802,2014
Germany,DEU,4.980999947,2014
Djibouti,DJI,10.64400005,2014
Dominica,DMA,,2014
Denmark,DNK,6.589000225,2014
Dominican Republic,DOM,6.718999863,2014
Algeria,DZA,10.20699978,2014
East Asia & Pacific (excluding high income),EAP,4.054117765,2014
Early-demographic dividend,EAR,5.639634608,2014
East Asia & Pacific,EAS,4.039267101,2014
Europe & Central Asia (excluding high income),ECA,7.45332846,2014
Europe & Central Asia,ECS,8.95733538,2014
Ecuador,ECU,3.480000019,2014
"Egypt, Arab Rep.",EGY,13.10499954,2014
Euro area,EMU,11.60486639,2014
Eritrea,ERI,5.381999969,2014
Spain,ESP,24.44099998,2014
Estonia,EST,7.352000237,2014
Ethiopia,ETH,2.217999935,2014
European Union,EUU,10.84334541,2014
Fragile and conflict affected situations,FCS,6.24090489,2014
Finland,FIN,8.663000107,2014
Fiji,FJI,4.395999908,2014
France,FRA,10.29199982,2014
Faroe Islands,FRO,,2014
"Micronesia, Fed. Sts.",FSM,,2014
Gabon,GAB,20.34300041,2014
United Kingdom,GBR,6.110000134,2014
Georgia,GEO,17.43799973,2014
Ghana,GHA,6.52699995,2014
Gibraltar,GIB,,2014
Guinea,GIN,4.467999935,2014
"Gambia, The",GMB,9.364999771,2014
Guinea-Bissau,GNB,2.63499999,2014
Equatorial Guinea,GNQ,6.691999912,2014
Greece,GRC,26.49099922,2014
Grenada,GRD,,2014
Greenland,GRL,,2014
Guatemala,GTM,2.717000008,2014
Guam,GUM,7.599999905,2014
Guyana,GUY,11.93700027,2014
High income,HIC,7.233245861,2014
"Hong Kong SAR, China",HKG,3.299999952,2014
Honduras,HND,5.487999916,2014
Heavily indebted poor countries (HIPC),HPC,4.593016327,2014
Croatia,HRV,17.29000092,2014
Haiti,HTI,14.03299999,2014
Hungary,HUN,7.724999905,2014
IBRD only,IBD,5.638519347,2014
IDA & IBRD total,IBT,5.329366965,2014
IDA total,IDA,4.169165663,2014
IDA blend,IDB,3.4280279,2014
Indonesia,IDN,4.048999786,2014
IDA only,IDX,4.503718419,2014
Isle of Man,IMN,,2014
India,IND,5.607999802,2014
Not classified,INX,,2014
Ireland,IRL,11.85700035,2014
"Iran, Islamic Rep.",IRN,10.56999969,2014
Iraq,IRQ,10.59000015,2014
Iceland,ISL,4.896999836,2014
Israel,ISR,5.889999866,2014
Italy,ITA,12.68299961,2014
Jamaica,JAM,13.73999977,2014
Jordan,JOR,11.89999962,2014
Japan,JPN,3.599999905,2014
Kazakhstan,KAZ,5.059999943,2014
Kenya,KEN,2.823999882,2014
Kyrgyz Republic,KGZ,8.050000191,2014
Cambodia,KHM,0.691999972,2014
Kiribati,KIR,,2014
St. Kitts and Nevis,KNA,,2014
"Korea, Rep.",KOR,3.5,2014
Kuwait,KWT,2.900000095,2014
Latin America & Caribbean (excluding high income),LAC,6.118142825,2014
Lao PDR,LAO,0.702000022,2014
Lebanon,LBN,6.395999908,2014
Liberia,LBR,2.131999969,2014
Libya,LBY,18.95599937,2014
St. Lucia,LCA,23.12400055,2014
Latin America & Caribbean,LCN,6.148178294,2014
Least developed countries: UN classification,LDC,4.397886131,2014
Low income,LIC,4.041223882,2014
Liechtenstein,LIE,,2014
Sri Lanka,LKA,4.193999767,2014
Lower middle income,LMC,5.119730454,2014
Low & middle income,LMY,5.280032198,2014
Lesotho,LSO,24.47100067,2014
Late-demographic dividend,LTE,4.953348635,2014
Lithuania,LTU,10.69799995,2014
Luxembourg,LUX,5.852000237,2014
Latvia,LVA,10.84599972,2014
"Macao SAR, China",MAC,1.700000048,2014
St. Martin (French part),MAF,,2014
Morocco,MAR,9.699999809,2014
Monaco,MCO,,2014
Moldova,MDA,3.855999947,2014
Madagascar,MDG,1.327000022,2014
Maldives,MDV,5.210000038,2014
Middle East & North Africa,MEA,9.974905579,2014
Mexico,MEX,4.809000015,2014
Marshall Islands,MHL,,2014
Middle income,MIC,5.410708533,2014
North Macedonia,MKD,28.03000069,2014
Mali,MLI,6.375,2014
Malta,MLT,5.724999905,2014
Myanmar,MMR,0.777999997,2014
Middle East & North Africa (excluding high income),MNA,11.55423996,2014
Montenegro,MNE,17.99699974,2014
Mongolia,MNG,4.797999859,2014
Northern Mariana Islands,MNP,,2014
Mozambique,MOZ,3.417000055,2014
Mauritania,MRT,9.81099987,2014
Mauritius,MUS,7.467000008,2014
Malawi,MWI,5.887000084,2014
Malaysia,MYS,2.880000114,2014
North America,NAC,6.249482531,2014
Namibia,NAM,18.52099991,2014
New Caledonia,NCL,14.59000015,2014
Niger,NER,0.523999989,2014
Nigeria,NGA,4.561999798,2014
Nicaragua,NIC,4.519000053,2014
Netherlands,NLD,7.415999889,2014
Norway,NOR,3.483999968,2014
Nepal,NPL,1.498999953,2014
Nauru,NRU,,2014
New Zealand,NZL,5.751999855,2014
OECD members,OED,7.360551208,2014
Oman,OMN,3.897000074,2014
Other small states,OSS,10.07761211,2014
Pakistan,PAK,1.827000022,2014
Panama,PAN,2.72300005,2014
Peru,PER,2.961999893,2014
Philippines,PHL,3.599999905,2014
Palau,PLW,,2014
Papua New Guinea,PNG,2.601000071,2014
Poland,POL,8.989999771,2014
Pre-demographic dividend,PRE,5.110680561,2014
Puerto Rico,PRI,13.89999962,2014
"Korea, Dem. People’s Rep.",PRK,2.921000004,2014
Portugal,PRT,13.89400005,2014
Paraguay,PRY,5.03399992,2014
West Bank and Gaza,PSE,20.52599907,2014
Pacific island small states,PSS,3.272793895,2014
Post-demographic dividend,PST,7.459643377,2014
French Polynesia,PYF,14.29399967,2014
Qatar,QAT,0.200000003,2014
Romania,ROU,6.802000046,2014
Russian Federation,RUS,5.159999847,2014
Rwanda,RWA,1.16900003,2014
South Asia,SAS,5.065398212,2014
Saudi Arabia,SAU,5.71999979,2014
Sudan,SDN,17.39100075,2014
Senegal,SEN,7.611000061,2014
Singapore,SGP,3.74000001,2014
Solomon Islands,SLB,0.67900002,2014
Sierra Leone,SLE,4.677999973,2014
El Salvador,SLV,4.153999805,2014
San Marino,SMR,,2014
Somalia,SOM,11.68500042,2014
Serbia,SRB,19.22299957,2014
Sub-Saharan Africa (excluding high income),SSA,5.743431404,2014
South Sudan,SSD,12.63799953,2014
Sub-Saharan Africa,SSF,5.743431404,2014
Small states,SST,9.861907299,2014
Sao Tome and Principe,STP,13.53199959,2014
Suriname,SUR,6.940000057,2014
Slovak Republic,SVK,13.18400002,2014
Slovenia,SVN,9.668000221,2014
Sweden,SWE,7.953000069,2014
Eswatini,SWZ,24.18700027,2014
Sint Maarten (Dutch part),SXM,,2014
Seychelles,SYC,,2014
Syrian Arab Republic,SYR,8.581000328,2014
Turks and Caicos Islands,TCA,,2014
Chad,TCD,1.800999999,2014
East Asia & Pacific (IDA & IBRD countries),TEA,4.070498461,2014
Europe & Central Asia (IDA & IBRD countries),TEC,7.676738153,2014
Togo,TGO,2.161000013,2014
Thailand,THA,0.575999975,2014
Tajikistan,TJK,11.56900024,2014
Turkmenistan,TKM,3.98300004,2014
Latin America & the Caribbean (IDA & IBRD countries),TLA,6.168158237,2014
Timor-Leste,TLS,4.232999802,2014
Middle East & North Africa (IDA & IBRD countries),TMN,11.4686054,2014
Tonga,TON,1.141000032,2014
South Asia (IDA & IBRD),TSA,5.065398212,2014
Sub-Saharan Africa (IDA & IBRD countries),TSS,5.743431404,2014
Trinidad and Tobago,TTO,2.223999977,2014
Tunisia,TUN,15.05799961,2014
Turkey,TUR,9.880000114,2014
Tuvalu,TUV,,2014
Tanzania,TZA,2.125,2014
Uganda,UGA,1.879999995,2014
Ukraine,UKR,9.270000458,2014
Upper middle income,UMC,5.653323793,2014
Uruguay,URY,6.546999931,2014
United States,USA,6.168000221,2014
Uzbekistan,UZB,5.090000153,2014
St. Vincent and the Grenadines,VCT,19.3939991,2014
"Venezuela, RB",VEN,7.480999947,2014
British Virgin Islands,VGB,,2014
Virgin Islands (U.S.),VIR,9.913999557,2014
Vietnam,VNM,1.873000026,2014
Vanuatu,VUT,4.604000092,2014
World,WLD,5.632921821,2014
Samoa,WSM,8.720000267,2014
Kosovo,XKX,,2014
"Yemen, Rep.",YEM,13.46700001,2014
South Africa,ZAF,24.89800072,2014
Zambia,ZMB,9.340000153,2014
Zimbabwe,ZWE,5.342000008,2014
Aruba,ABW,,2015
Afghanistan,AFG,11.38700008,2015
Angola,AGO,7.282000065,2015
Albania,ALB,17.07999992,2015
Andorra,AND,,2015
Arab World,ARB,10.67531969,2015
United Arab Emirates,ARE,1.909999967,2015
Argentina,ARG,7.75,2015
Armenia,ARM,18.26099968,2015
American Samoa,ASM,,2015
Antigua and Barbuda,ATG,,2015
Australia,AUS,6.053999901,2015
Austria,AUT,5.72300005,2015
Azerbaijan,AZE,4.960000038,2015
Burundi,BDI,1.552000046,2015
Belgium,BEL,8.482000351,2015
Benin,BEN,2.582000017,2015
Burkina Faso,BFA,6.418000221,2015
Bangladesh,BGD,4.377999783,2015
Bulgaria,BGR,9.142999649,2015
Bahrain,BHR,1.129999995,2015
"Bahamas, The",BHS,12,2015
Bosnia and Herzegovina,BIH,27.69400024,2015
Belarus,BLR,5.914000034,2015
Belize,BLZ,7.578000069,2015
Bermuda,BMU,,2015
Bolivia,BOL,3.065999985,2015
Brazil,BRA,8.427000046,2015
Barbados,BRB,11.35000038,2015
Brunei Darussalam,BRN,7.914000034,2015
Bhutan,BTN,2.450000048,2015
Botswana,BWA,17.74699974,2015
Central African Republic,CAF,3.864000082,2015
Canada,CAN,6.906000137,2015
Central Europe and the Baltics,CEB,7.814781162,2015
Switzerland,CHE,4.801000118,2015
Channel Islands,CHI,8.083999634,2015
Chile,CHL,6.507999897,2015
China,CHN,4.629000187,2015
Cote d'Ivoire,CIV,3.101999998,2015
Cameroon,CMR,3.506000042,2015
"Congo, Dem. Rep.",COD,4.406000137,2015
"Congo, Rep.",COG,9.911999702,2015
Colombia,COL,8.298999786,2015
Comoros,COM,4.493000031,2015
Cabo Verde,CPV,11.9090004,2015
Costa Rica,CRI,8.998999596,2015
Caribbean small states,CSS,10.56397436,2015
Cuba,CUB,2.400000095,2015
Curacao,CUW,,2015
Cayman Islands,CYM,,2015
Cyprus,CYP,14.90799999,2015
Czech Republic,CZE,5.046000004,2015
Germany,DEU,4.624000072,2015
Djibouti,DJI,10.58399963,2015
Dominica,DMA,,2015
Denmark,DNK,6.168000221,2015
Dominican Republic,DOM,7.605000019,2015
Algeria,DZA,11.20600033,2015
East Asia & Pacific (excluding high income),EAP,4.110509571,2015
Early-demographic dividend,EAR,5.776658112,2015
East Asia & Pacific,EAS,4.079162659,2015
Europe & Central Asia (excluding high income),ECA,7.572602915,2015
Europe & Central Asia,ECS,8.558220862,2015
Ecuador,ECU,3.615999937,2015
"Egypt, Arab Rep.",EGY,13.05200005,2015
Euro area,EMU,10.83974609,2015
Eritrea,ERI,5.337999821,2015
Spain,ESP,22.05699921,2015
Estonia,EST,6.186999798,2015
Ethiopia,ETH,2.194999933,2015
European Union,EUU,10.02373905,2015
Fragile and conflict affected situations,FCS,6.226341823,2015
Finland,FIN,9.376000404,2015
Fiji,FJI,4.362999916,2015
France,FRA,10.35900021,2015
Faroe Islands,FRO,,2015
"Micronesia, Fed. Sts.",FSM,,2015
Gabon,GAB,20.26000023,2015
United Kingdom,GBR,5.301000118,2015
Georgia,GEO,16.50600052,2015
Ghana,GHA,6.806000233,2015
Gibraltar,GIB,,2015
Guinea,GIN,4.434000015,2015
"Gambia, The",GMB,9.312999725,2015
Guinea-Bissau,GNB,2.604000092,2015
Equatorial Guinea,GNQ,6.644000053,2015
Greece,GRC,24.89699936,2015
Grenada,GRD,,2015
Greenland,GRL,,2015
Guatemala,GTM,2.506000042,2015
Guam,GUM,6.900000095,2015
Guyana,GUY,12.00399971,2015
High income,HIC,6.619749359,2015
"Hong Kong SAR, China",HKG,3.319999933,2015
Honduras,HND,6.146999836,2015
Heavily indebted poor countries (HIPC),HPC,4.654900016,2015
Croatia,HRV,16.17499924,2015
Haiti,HTI,13.96500015,2015
Hungary,HUN,6.813000202,2015
IBRD only,IBD,5.759692841,2015
IDA & IBRD total,IBT,5.458896767,2015
IDA total,IDA,4.351889202,2015
IDA blend,IDB,3.980479792,2015
Indonesia,IDN,4.513999939,2015
IDA only,IDX,4.520443619,2015
Isle of Man,IMN,,2015
India,IND,5.565000057,2015
Not classified,INX,,2015
Ireland,IRL,9.906000137,2015
"Iran, Islamic Rep.",IRN,11.06000042,2015
Iraq,IRQ,10.7130003,2015
Iceland,ISL,3.979000092,2015
Israel,ISR,5.250999928,2015
Italy,ITA,11.89599991,2015
Jamaica,JAM,13.51099968,2015
Jordan,JOR,13.07499981,2015
Japan,JPN,3.400000095,2015
Kazakhstan,KAZ,4.929999828,2015
Kenya,KEN,2.79399991,2015
Kyrgyz Republic,KGZ,7.559999943,2015
Cambodia,KHM,0.393000007,2015
Kiribati,KIR,,2015
St. Kitts and Nevis,KNA,,2015
"Korea, Rep.",KOR,3.599999905,2015
Kuwait,KWT,2.200000048,2015
Latin America & Caribbean (excluding high income),LAC,6.70598051,2015
Lao PDR,LAO,0.691999972,2015
Lebanon,LBN,6.356999874,2015
Liberia,LBR,2.078999996,2015
Libya,LBY,18.88100052,2015
St. Lucia,LCA,24.09000015,2015
Latin America & Caribbean,LCN,6.698529396,2015
Least developed countries: UN classification,LDC,4.417204495,2015
Low income,LIC,4.067947823,2015
Liechtenstein,LIE,,2015
Sri Lanka,LKA,4.519000053,2015
Lower middle income,LMC,5.225338564,2015
Low & middle income,LMY,5.421827546,2015
Lesotho,LSO,24.3939991,2015
Late-demographic dividend,LTE,5.101767478,2015
Lithuania,LTU,9.119999886,2015
Luxembourg,LUX,6.669000149,2015
Latvia,LVA,9.873000145,2015
"Macao SAR, China",MAC,1.809999943,2015
St. Martin (French part),MAF,,2015
Morocco,MAR,9.460000038,2015
Monaco,MCO,,2015
Moldova,MDA,3.694000006,2015
Madagascar,MDG,1.784999967,2015
Maldives,MDV,5.666999817,2015
Middle East & North Africa,MEA,10.0656443,2015
Mexico,MEX,4.313000202,2015
Marshall Islands,MHL,,2015
Middle income,MIC,5.567238772,2015
North Macedonia,MKD,26.06800079,2015
Mali,MLI,7.729000092,2015
Malta,MLT,5.379000187,2015
Myanmar,MMR,0.765999973,2015
Middle East & North Africa (excluding high income),MNA,11.78135342,2015
Montenegro,MNE,17.54400063,2015
Mongolia,MNG,4.861000061,2015
Northern Mariana Islands,MNP,,2015
Mozambique,MOZ,3.426000118,2015
Mauritania,MRT,9.758000374,2015
Mauritius,MUS,7.409999847,2015
Malawi,MWI,5.846000195,2015
Malaysia,MYS,3.099999905,2015
North America,NAC,5.457498257,2015
Namibia,NAM,20.88199997,2015
New Caledonia,NCL,14.12699986,2015
Niger,NER,0.514999986,2015
Nigeria,NGA,4.31099987,2015
Nicaragua,NIC,4.699999809,2015
Netherlands,NLD,6.872000217,2015
Norway,NOR,4.296000004,2015
Nepal,NPL,1.475000024,2015
Nauru,NRU,,2015
New Zealand,NZL,5.364999771,2015
OECD members,OED,6.772739399,2015
Oman,OMN,3.631999969,2015
Other small states,OSS,9.998233021,2015
Pakistan,PAK,3.565999985,2015
Panama,PAN,3.002000093,2015
Peru,PER,3,2015
Philippines,PHL,3.068000078,2015
Palau,PLW,,2015
Papua New Guinea,PNG,2.572999954,2015
Poland,POL,7.500999928,2015
Pre-demographic dividend,PRE,5.089596389,2015
Puerto Rico,PRI,12,2015
"Korea, Dem. People’s Rep.",PRK,2.888000011,2015
Portugal,PRT,12.44400024,2015
Paraguay,PRY,4.556000233,2015
West Bank and Gaza,PSE,23.00499916,2015
Pacific island small states,PSS,3.22211342,2015
Post-demographic dividend,PST,6.869209306,2015
French Polynesia,PYF,13.74499989,2015
Qatar,QAT,0.170000002,2015
Romania,ROU,6.811999798,2015
Russian Federation,RUS,5.571000099,2015
Rwanda,RWA,1.143000007,2015
South Asia,SAS,5.209341179,2015
Saudi Arabia,SAU,5.590000153,2015
Sudan,SDN,17.31599998,2015
Senegal,SEN,6.756999969,2015
Singapore,SGP,3.789999962,2015
Solomon Islands,SLB,0.66900003,2015
Sierra Leone,SLE,4.637000084,2015
El Salvador,SLV,3.997999907,2015
San Marino,SMR,,2015
Somalia,SOM,11.62300014,2015
Serbia,SRB,17.65999985,2015
Sub-Saharan Africa (excluding high income),SSA,5.7528074,2015
South Sudan,SSD,12.57499981,2015
Sub-Saharan Africa,SSF,5.7528074,2015
Small states,SST,9.764216246,2015
Sao Tome and Principe,STP,13.47200012,2015
Suriname,SUR,7.21999979,2015
Slovak Republic,SVK,11.48099995,2015
Slovenia,SVN,8.961999893,2015
Sweden,SWE,7.43200016,2015
Eswatini,SWZ,23.45499992,2015
Sint Maarten (Dutch part),SXM,,2015
Seychelles,SYC,,2015
Syrian Arab Republic,SYR,8.531000137,2015
Turks and Caicos Islands,TCA,,2015
Chad,TCD,1.832999945,2015
East Asia & Pacific (IDA & IBRD countries),TEA,4.1282632,2015
Europe & Central Asia (IDA & IBRD countries),TEC,7.64341475,2015
Togo,TGO,2.203999996,2015
Thailand,THA,0.597000003,2015
Tajikistan,TJK,11.5010004,2015
Turkmenistan,TKM,3.953999996,2015
Latin America & the Caribbean (IDA & IBRD countries),TLA,6.746618535,2015
Timor-Leste,TLS,4.448999882,2015
Middle East & North Africa (IDA & IBRD countries),TMN,11.6673074,2015
Tonga,TON,1.126999974,2015
South Asia (IDA & IBRD),TSA,5.209341179,2015
Sub-Saharan Africa (IDA & IBRD countries),TSS,5.7528074,2015
Trinidad and Tobago,TTO,2.210999966,2015
Tunisia,TUN,15.21800041,2015
Turkey,TUR,10.23600006,2015
Tuvalu,TUV,,2015
Tanzania,TZA,2.102999926,2015
Uganda,UGA,1.858999968,2015
Ukraine,UKR,9.140000343,2015
Upper middle income,UMC,5.85408303,2015
Uruguay,URY,7.487999916,2015
United States,USA,5.28000021,2015
Uzbekistan,UZB,5.150000095,2015
St. Vincent and the Grenadines,VCT,19.31500053,2015
"Venezuela, RB",VEN,7.440000057,2015
British Virgin Islands,VGB,,2015
Virgin Islands (U.S.),VIR,9.527000427,2015
Vietnam,VNM,2.125,2015
Vanuatu,VUT,4.566999912,2015
World,WLD,5.637490039,2015
Samoa,WSM,8.656000137,2015
Kosovo,XKX,,2015
"Yemen, Rep.",YEM,13.39500046,2015
South Africa,ZAF,25.15600014,2015
Zambia,ZMB,10.10499954,2015
Zimbabwe,ZWE,5.302000046,2015
Aruba,ABW,,2016
Afghanistan,AFG,11.31299973,2016
Angola,AGO,7.22300005,2016
Albania,ALB,15.22000027,2016
Andorra,AND,,2016
Arab World,ARB,10.45094498,2016
United Arab Emirates,ARE,1.636000037,2016
Argentina,ARG,7.977000237,2016
Armenia,ARM,17.61700058,2016
American Samoa,ASM,,2016
Antigua and Barbuda,ATG,,2016
Australia,AUS,5.710000038,2016
Austria,AUT,6.013999939,2016
Azerbaijan,AZE,5,2016
Burundi,BDI,1.527999997,2016
Belgium,BEL,7.829999924,2016
Benin,BEN,2.536999941,2016
Burkina Faso,BFA,6.343999863,2016
Bangladesh,BGD,4.349999905,2016
Bulgaria,BGR,7.574999809,2016
Bahrain,BHR,0.91900003,2016
"Bahamas, The",BHS,12.69999981,2016
Bosnia and Herzegovina,BIH,25.40800095,2016
Belarus,BLR,5.840000153,2016
Belize,BLZ,7,2016
Bermuda,BMU,,2016
Bolivia,BOL,3.525000095,2016
Brazil,BRA,11.60000038,2016
Barbados,BRB,9.720000267,2016
Brunei Darussalam,BRN,8.711000443,2016
Bhutan,BTN,2.415999889,2016
Botswana,BWA,17.6590004,2016
Central African Republic,CAF,3.819000006,2016
Canada,CAN,6.999000072,2016
Central Europe and the Baltics,CEB,6.487661124,2016
Switzerland,CHE,4.918000221,2016
Channel Islands,CHI,7.857999802,2016
Chile,CHL,6.737999916,2016
China,CHN,4.534999847,2016
Cote d'Ivoire,CIV,2.598999977,2016
Cameroon,CMR,3.471999884,2016
"Congo, Dem. Rep.",COD,4.356999874,2016
"Congo, Rep.",COG,9.857999802,2016
Colombia,COL,8.692000389,2016
Comoros,COM,4.449999809,2016
Cabo Verde,CPV,12.10599995,2016
Costa Rica,CRI,8.597999573,2016
Caribbean small states,CSS,10.48343637,2016
Cuba,CUB,2,2016
Curacao,CUW,,2016
Cayman Islands,CYM,,2016
Cyprus,CYP,12.94999981,2016
Czech Republic,CZE,3.950999975,2016
Germany,DEU,4.122000217,2016
Djibouti,DJI,10.51000023,2016
Dominica,DMA,,2016
Denmark,DNK,6.181000233,2016
Dominican Republic,DOM,7.282999992,2016
Algeria,DZA,10.20199966,2016
East Asia & Pacific (excluding high income),EAP,4.024462527,2016
Early-demographic dividend,EAR,5.780210408,2016
East Asia & Pacific,EAS,3.98654298,2016
Europe & Central Asia (excluding high income),ECA,7.543685572,2016
Europe & Central Asia,ECS,8.096095578,2016
Ecuador,ECU,4.597000122,2016
"Egypt, Arab Rep.",EGY,12.40699959,2016
Euro area,EMU,10.02740381,2016
Eritrea,ERI,5.284999847,2016
Spain,ESP,19.63500023,2016
Estonia,EST,6.762000084,2016
Ethiopia,ETH,2.167999983,2016
European Union,EUU,9.124778233,2016
Fragile and conflict affected situations,FCS,6.898075622,2016
Finland,FIN,8.81799984,2016
Fiji,FJI,4.318999767,2016
France,FRA,10.05700016,2016
Faroe Islands,FRO,,2016
"Micronesia, Fed. Sts.",FSM,,2016
Gabon,GAB,20.1590004,2016
United Kingdom,GBR,4.813000202,2016
Georgia,GEO,16.60400009,2016
Ghana,GHA,5.449999809,2016
Gibraltar,GIB,,2016
Guinea,GIN,4.392000198,2016
"Gambia, The",GMB,9.248999596,2016
Guinea-Bissau,GNB,2.565999985,2016
Equatorial Guinea,GNQ,6.585000038,2016
Greece,GRC,23.53899956,2016
Grenada,GRD,,2016
Greenland,GRL,,2016
Guatemala,GTM,2.582999945,2016
Guam,GUM,5.400000095,2016
Guyana,GUY,12.05500031,2016
High income,HIC,6.148357709,2016
"Hong Kong SAR, China",HKG,3.390000105,2016
Honduras,HND,6.727000237,2016
Heavily indebted poor countries (HIPC),HPC,4.577639303,2016
Croatia,HRV,13.10299969,2016
Haiti,HTI,13.88099957,2016
Hungary,HUN,5.114999771,2016
IBRD only,IBD,5.863010585,2016
IDA & IBRD total,IBT,5.591520049,2016
IDA total,IDA,4.609364165,2016
IDA blend,IDB,4.88587081,2016
Indonesia,IDN,4.301000118,2016
IDA only,IDX,4.484482275,2016
Isle of Man,IMN,,2016
India,IND,5.511000156,2016
Not classified,INX,,2016
Ireland,IRL,8.373999596,2016
"Iran, Islamic Rep.",IRN,12.43000031,2016
Iraq,IRQ,10.81999969,2016
Iceland,ISL,2.977999926,2016
Israel,ISR,4.797999859,2016
Italy,ITA,11.68799973,2016
Jamaica,JAM,13.19200039,2016
Jordan,JOR,15.27499962,2016
Japan,JPN,3.099999905,2016
Kazakhstan,KAZ,4.960000038,2016
Kenya,KEN,2.756999969,2016
Kyrgyz Republic,KGZ,7.210000038,2016
Cambodia,KHM,0.716000021,2016
Kiribati,KIR,,2016
St. Kitts and Nevis,KNA,,2016
"Korea, Rep.",KOR,3.700000048,2016
Kuwait,KWT,2.160000086,2016
Latin America & Caribbean (excluding high income),LAC,7.862140005,2016
Lao PDR,LAO,0.680000007,2016
Lebanon,LBN,6.309000015,2016
Liberia,LBR,3.08100009,2016
Libya,LBY,18.78899956,2016
St. Lucia,LCA,21.26300049,2016
Latin America & Caribbean,LCN,7.80783753,2016
Least developed countries: UN classification,LDC,4.43716757,2016
Low income,LIC,4.028070109,2016
Liechtenstein,LIE,,2016
Sri Lanka,LKA,4.242000103,2016
Lower middle income,LMC,5.294872945,2016
Low & middle income,LMY,5.564664542,2016
Lesotho,LSO,24.29999924,2016
Late-demographic dividend,LTE,5.274110434,2016
Lithuania,LTU,7.861999989,2016
Luxembourg,LUX,6.290999889,2016
Latvia,LVA,9.642999649,2016
"Macao SAR, China",MAC,1.899999976,2016
St. Martin (French part),MAF,,2016
Morocco,MAR,9.300000191,2016
Monaco,MCO,,2016
Moldova,MDA,4.184999943,2016
Madagascar,MDG,1.763000011,2016
Maldives,MDV,6.119999886,2016
Middle East & North Africa,MEA,10.10863205,2016
Mexico,MEX,3.858999968,2016
Marshall Islands,MHL,,2016
Middle income,MIC,5.733194603,2016
North Macedonia,MKD,23.72400093,2016
Mali,MLI,7.552999973,2016
Malta,MLT,4.686999798,2016
Myanmar,MMR,1.141000032,2016
Middle East & North Africa (excluding high income),MNA,11.87804706,2016
Montenegro,MNE,17.72299957,2016
Mongolia,MNG,7.235000134,2016
Northern Mariana Islands,MNP,,2016
Mozambique,MOZ,3.382999897,2016
Mauritania,MRT,9.692000389,2016
Mauritius,MUS,6.81400013,2016
Malawi,MWI,5.795000076,2016
Malaysia,MYS,3.440000057,2016
North America,NAC,5.101198507,2016
Namibia,NAM,23.35199928,2016
New Caledonia,NCL,13.68299961,2016
Niger,NER,0.504999995,2016
Nigeria,NGA,7.059999943,2016
Nicaragua,NIC,3.900000095,2016
Netherlands,NLD,6.006000042,2016
Norway,NOR,4.678999901,2016
Nepal,NPL,1.44599998,2016
Nauru,NRU,,2016
New Zealand,NZL,5.099999905,2016
OECD members,OED,6.326789108,2016
Oman,OMN,3.269999981,2016
Other small states,OSS,9.977995563,2016
Pakistan,PAK,3.789000034,2016
Panama,PAN,3.315000057,2016
Peru,PER,3.535000086,2016
Philippines,PHL,2.707999945,2016
Palau,PLW,,2016
Papua New Guinea,PNG,2.539000034,2016
Poland,POL,6.160999775,2016
Pre-demographic dividend,PRE,5.555984222,2016
Puerto Rico,PRI,11.80000019,2016
"Korea, Dem. People’s Rep.",PRK,2.84800005,2016
Portugal,PRT,11.06599998,2016
Paraguay,PRY,5.255000114,2016
West Bank and Gaza,PSE,23.93899918,2016
Pacific island small states,PSS,3.167450849,2016
Post-demographic dividend,PST,6.404309717,2016
French Polynesia,PYF,13.25599957,2016
Qatar,QAT,0.150000006,2016
Romania,ROU,5.901000023,2016
Russian Federation,RUS,5.559000015,2016
Rwanda,RWA,1.113000035,2016
South Asia,SAS,5.183396839,2016
Saudi Arabia,SAU,5.650000095,2016
Sudan,SDN,17.22299957,2016
Senegal,SEN,6.705999851,2016
Singapore,SGP,4.079999924,2016
Solomon Islands,SLB,0.657999992,2016
Sierra Leone,SLE,4.586999893,2016
El Salvador,SLV,4.418000221,2016
San Marino,SMR,,2016
Somalia,SOM,11.54599953,2016
Serbia,SRB,15.25699997,2016
Sub-Saharan Africa (excluding high income),SSA,6.141869015,2016
South Sudan,SSD,12.49600029,2016
Sub-Saharan Africa,SSF,6.141869015,2016
Small states,SST,9.733939134,2016
Sao Tome and Principe,STP,13.39999962,2016
Suriname,SUR,7.169000149,2016
Slovak Republic,SVK,9.670000076,2016
Slovenia,SVN,8,2016
Sweden,SWE,6.989999771,2016
Eswatini,SWZ,22.71800041,2016
Sint Maarten (Dutch part),SXM,,2016
Seychelles,SYC,,2016
Syrian Arab Republic,SYR,8.468999863,2016
Turks and Caicos Islands,TCA,,2016
Chad,TCD,1.855999947,2016
East Asia & Pacific (IDA & IBRD countries),TEA,4.041624858,2016
Europe & Central Asia (IDA & IBRD countries),TEC,7.471683141,2016
Togo,TGO,2.174999952,2016
Thailand,THA,0.688000023,2016
Tajikistan,TJK,11.41800022,2016
Turkmenistan,TKM,3.920000076,2016
Latin America & the Caribbean (IDA & IBRD countries),TLA,7.888882011,2016
Timor-Leste,TLS,4.657000065,2016
Middle East & North Africa (IDA & IBRD countries),TMN,11.75486064,2016
Tonga,TON,1.110000014,2016
South Asia (IDA & IBRD),TSA,5.183396839,2016
Sub-Saharan Africa (IDA & IBRD countries),TSS,6.141869015,2016
Trinidad and Tobago,TTO,2.971999884,2016
Tunisia,TUN,15.51399994,2016
Turkey,TUR,10.83899975,2016
Tuvalu,TUV,,2016
Tanzania,TZA,2.076999903,2016
Uganda,UGA,1.832999945,2016
Ukraine,UKR,9.350000381,2016
Upper middle income,UMC,6.10347438,2016
Uruguay,URY,7.84100008,2016
United States,USA,4.868999958,2016
Uzbekistan,UZB,5.159999847,2016
St. Vincent and the Grenadines,VCT,19.21699905,2016
"Venezuela, RB",VEN,7.389999866,2016
British Virgin Islands,VGB,,2016
Virgin Islands (U.S.),VIR,9.164999962,2016
Vietnam,VNM,2.082999945,2016
Vanuatu,VUT,4.521999836,2016
World,WLD,5.669694379,2016
Samoa,WSM,8.578000069,2016
Kosovo,XKX,,2016
"Yemen, Rep.",YEM,13.30700016,2016
South Africa,ZAF,26.5510006,2016
Zambia,ZMB,10.88199997,2016
Zimbabwe,ZWE,5.252999783,2016
Aruba,ABW,,2017
Afghanistan,AFG,11.18400002,2017
Angola,AGO,7.118999958,2017
Albania,ALB,13.75,2017
Andorra,AND,,2017
Arab World,ARB,10.6413133,2017
United Arab Emirates,ARE,2.463000059,2017
Argentina,ARG,8.347000122,2017
Armenia,ARM,17.70499992,2017
American Samoa,ASM,,2017
Antigua and Barbuda,ATG,,2017
Australia,AUS,5.59100008,2017
Austria,AUT,5.499000072,2017
Azerbaijan,AZE,5,2017
Burundi,BDI,1.486999989,2017
Belgium,BEL,7.085999966,2017
Benin,BEN,2.459000111,2017
Burkina Faso,BFA,6.21600008,2017
Bangladesh,BGD,4.372000217,2017
Bulgaria,BGR,6.164000034,2017
Bahrain,BHR,0.700999975,2017
"Bahamas, The",BHS,9.800000191,2017
Bosnia and Herzegovina,BIH,20.52700043,2017
Belarus,BLR,5.650000095,2017
Belize,BLZ,6.59499979,2017
Bermuda,BMU,,2017
Bolivia,BOL,3.670000076,2017
Brazil,BRA,12.82199955,2017
Barbados,BRB,9.76099968,2017
Brunei Darussalam,BRN,9.315999985,2017
Bhutan,BTN,2.35800004,2017
Botswana,BWA,17.50499916,2017
Central African Republic,CAF,3.74000001,2017
Canada,CAN,6.340000153,2017
Central Europe and the Baltics,CEB,5.29333719,2017
Switzerland,CHE,4.796999931,2017
Channel Islands,CHI,7.622000217,2017
Chile,CHL,6.958000183,2017
China,CHN,4.440999985,2017
Cote d'Ivoire,CIV,3.273000002,2017
Cameroon,CMR,3.414000034,2017
"Congo, Dem. Rep.",COD,4.272999763,2017
"Congo, Rep.",COG,9.762999535,2017
Colombia,COL,8.871999741,2017
Comoros,COM,4.375,2017
Cabo Verde,CPV,12.23999977,2017
Costa Rica,CRI,8.142000198,2017
Caribbean small states,CSS,9.553456146,2017
Cuba,CUB,1.700000048,2017
Curacao,CUW,,2017
Cayman Islands,CYM,,2017
Cyprus,CYP,11.05200005,2017
Czech Republic,CZE,2.890000105,2017
Germany,DEU,3.746000051,2017
Djibouti,DJI,10.38199997,2017
Dominica,DMA,,2017
Denmark,DNK,5.743000031,2017
Dominican Republic,DOM,5.831999779,2017
Algeria,DZA,11.99600029,2017
East Asia & Pacific (excluding high income),EAP,3.950131599,2017
Early-demographic dividend,EAR,5.708849073,2017
East Asia & Pacific,EAS,3.899911217,2017
Europe & Central Asia (excluding high income),ECA,7.301483193,2017
Europe & Central Asia,ECS,7.491878346,2017
Ecuador,ECU,3.835999966,2017
"Egypt, Arab Rep.",EGY,11.73700047,2017
Euro area,EMU,9.060118073,2017
Eritrea,ERI,5.19299984,2017
Spain,ESP,17.22400093,2017
Estonia,EST,5.760000229,2017
Ethiopia,ETH,2.119999886,2017
European Union,EUU,8.135618676,2017
Fragile and conflict affected situations,FCS,7.291290149,2017
Finland,FIN,8.640000343,2017
Fiji,FJI,4.236999989,2017
France,FRA,9.397000313,2017
Faroe Islands,FRO,,2017
"Micronesia, Fed. Sts.",FSM,,2017
Gabon,GAB,19.98200035,2017
United Kingdom,GBR,4.335000038,2017
Georgia,GEO,13.93900013,2017
Ghana,GHA,4.22300005,2017
Gibraltar,GIB,,2017
Guinea,GIN,4.31799984,2017
"Gambia, The",GMB,9.13599968,2017
Guinea-Bissau,GNB,2.5,2017
Equatorial Guinea,GNQ,6.482999802,2017
Greece,GRC,21.48800087,2017
Grenada,GRD,,2017
Greenland,GRL,,2017
Guatemala,GTM,2.461999893,2017
Guam,GUM,5.153999805,2017
Guyana,GUY,12.04399967,2017
High income,HIC,5.592119033,2017
"Hong Kong SAR, China",HKG,3.089999914,2017
Honduras,HND,5.527999878,2017
Heavily indebted poor countries (HIPC),HPC,4.474979094,2017
Croatia,HRV,11.20800018,2017
Haiti,HTI,13.73499966,2017
Hungary,HUN,4.156000137,2017
IBRD only,IBD,5.825781365,2017
IDA & IBRD total,IBT,5.58292506,2017
IDA total,IDA,4.723762034,2017
IDA blend,IDB,5.372479346,2017
Indonesia,IDN,4.184999943,2017
IDA only,IDX,4.433094781,2017
Isle of Man,IMN,,2017
India,IND,5.419000149,2017
Not classified,INX,,2017
Ireland,IRL,6.711999893,2017
"Iran, Islamic Rep.",IRN,12.10000038,2017
Iraq,IRQ,13.02000046,2017
Iceland,ISL,2.742000103,2017
Israel,ISR,4.215000153,2017
Italy,ITA,11.21100044,2017
Jamaica,JAM,11.63399982,2017
Jordan,JOR,15.11499977,2017
Japan,JPN,2.799999952,2017
Kazakhstan,KAZ,4.900000095,2017
Kenya,KEN,2.694999933,2017
Kyrgyz Republic,KGZ,6.889999866,2017
Cambodia,KHM,0.683000028,2017
Kiribati,KIR,,2017
St. Kitts and Nevis,KNA,,2017
"Korea, Rep.",KOR,3.700000048,2017
Kuwait,KWT,1.797999978,2017
Latin America & Caribbean (excluding high income),LAC,8.146434699,2017
Lao PDR,LAO,0.660000026,2017
Lebanon,LBN,6.224999905,2017
Liberia,LBR,3.003999949,2017
Libya,LBY,18.62700081,2017
St. Lucia,LCA,21.06900024,2017
Latin America & Caribbean,LCN,8.081830123,2017
Least developed countries: UN classification,LDC,4.428566571,2017
Low income,LIC,3.949971133,2017
Liechtenstein,LIE,,2017
Sri Lanka,LKA,4.179999828,2017
Lower middle income,LMC,5.295427859,2017
Low & middle income,LMY,5.564798508,2017
Lesotho,LSO,24.13400078,2017
Late-demographic dividend,LTE,5.260606477,2017
Lithuania,LTU,7.072999954,2017
Luxembourg,LUX,5.521999836,2017
Latvia,LVA,8.715000153,2017
"Macao SAR, China",MAC,2,2017
St. Martin (French part),MAF,,2017
Morocco,MAR,9.187000275,2017
Monaco,MCO,,2017
Moldova,MDA,4.09800005,2017
Madagascar,MDG,1.725000024,2017
Maldives,MDV,5.980999947,2017
Middle East & North Africa,MEA,10.21619657,2017
Mexico,MEX,3.420000076,2017
Marshall Islands,MHL,,2017
Middle income,MIC,5.745493879,2017
North Macedonia,MKD,22.38100052,2017
Mali,MLI,7.329999924,2017
Malta,MLT,4.000999928,2017
Myanmar,MMR,1.550999999,2017
Middle East & North Africa (excluding high income),MNA,11.99532033,2017
Montenegro,MNE,16.07099915,2017
Mongolia,MNG,6.359000206,2017
Northern Mariana Islands,MNP,,2017
Mozambique,MOZ,3.308000088,2017
Mauritania,MRT,9.576999664,2017
Mauritius,MUS,6.751999855,2017
Malawi,MWI,5.706999779,2017
Malaysia,MYS,3.410000086,2017
North America,NAC,4.572026336,2017
Namibia,NAM,21.5739994,2017
New Caledonia,NCL,13.2489996,2017
Niger,NER,0.486999989,2017
Nigeria,NGA,8.388999939,2017
Nicaragua,NIC,3.299999952,2017
Netherlands,NLD,4.839000225,2017
Norway,NOR,4.162000179,2017
Nepal,NPL,1.396000028,2017
Nauru,NRU,,2017
New Zealand,NZL,4.702000141,2017
OECD members,OED,5.765944468,2017
Oman,OMN,3.023000002,2017
Other small states,OSS,9.560610403,2017
Pakistan,PAK,3.944999933,2017
Panama,PAN,3.900000095,2017
Peru,PER,3.460000038,2017
Philippines,PHL,2.552000046,2017
Palau,PLW,,2017
Papua New Guinea,PNG,2.480000019,2017
Poland,POL,4.887000084,2017
Pre-demographic dividend,PRE,5.822377245,2017
Puerto Rico,PRI,10.80000019,2017
"Korea, Dem. People’s Rep.",PRK,2.779000044,2017
Portugal,PRT,8.866999626,2017
Paraguay,PRY,4.614999771,2017
West Bank and Gaza,PSE,25.67700005,2017
Pacific island small states,PSS,3.088337326,2017
Post-demographic dividend,PST,5.833468642,2017
French Polynesia,PYF,12.77400017,2017
Qatar,QAT,0.140000001,2017
Romania,ROU,4.927000046,2017
Russian Federation,RUS,5.211999893,2017
Rwanda,RWA,1.062999964,2017
South Asia,SAS,5.12543454,2017
Saudi Arabia,SAU,5.889999866,2017
Sudan,SDN,17.05999947,2017
Senegal,SEN,6.614999771,2017
Singapore,SGP,4.199999809,2017
Solomon Islands,SLB,0.637000024,2017
Sierra Leone,SLE,4.5,2017
El Salvador,SLV,4.385000229,2017
San Marino,SMR,,2017
Somalia,SOM,11.41100025,2017
Serbia,SRB,13.47700024,2017
Sub-Saharan Africa (excluding high income),SSA,6.278714226,2017
South Sudan,SSD,12.35900021,2017
Sub-Saharan Africa,SSF,6.278714226,2017
Small states,SST,9.238747021,2017
Sao Tome and Principe,STP,13.27299976,2017
Suriname,SUR,7.080999851,2017
Slovak Republic,SVK,8.130999565,2017
Slovenia,SVN,6.56400013,2017
Sweden,SWE,6.717999935,2017
Eswatini,SWZ,22.53800011,2017
Sint Maarten (Dutch part),SXM,,2017
Seychelles,SYC,,2017
Syrian Arab Republic,SYR,8.362000465,2017
Turks and Caicos Islands,TCA,,2017
Chad,TCD,1.84800005,2017
East Asia & Pacific (IDA & IBRD countries),TEA,3.967300691,2017
Europe & Central Asia (IDA & IBRD countries),TEC,7.125449776,2017
Togo,TGO,2.125999928,2017
Thailand,THA,0.829999983,2017
Tajikistan,TJK,11.27400017,2017
Turkmenistan,TKM,3.858999968,2017
Latin America & the Caribbean (IDA & IBRD countries),TLA,8.178796638,2017
Timor-Leste,TLS,4.565999985,2017
Middle East & North Africa (IDA & IBRD countries),TMN,11.85214948,2017
Tonga,TON,1.080000043,2017
South Asia (IDA & IBRD),TSA,5.12543454,2017
Sub-Saharan Africa (IDA & IBRD countries),TSS,6.278714226,2017
Trinidad and Tobago,TTO,2.70600009,2017
Tunisia,TUN,15.37899971,2017
Turkey,TUR,10.81900024,2017
Tuvalu,TUV,,2017
Tanzania,TZA,2.032999992,2017
Uganda,UGA,1.789999962,2017
Ukraine,UKR,9.510000229,2017
Upper middle income,UMC,6.129349427,2017
Uruguay,URY,7.889999866,2017
United States,USA,4.355000019,2017
Uzbekistan,UZB,5.829999924,2017
St. Vincent and the Grenadines,VCT,19.04700089,2017
"Venezuela, RB",VEN,7.302000046,2017
British Virgin Islands,VGB,,2017
Virgin Islands (U.S.),VIR,8.74600029,2017
Vietnam,VNM,2.052999973,2017
Vanuatu,VUT,4.44299984,2017
World,WLD,5.569701353,2017
Samoa,WSM,8.44299984,2017
Kosovo,XKX,,2017
"Yemen, Rep.",YEM,13.15200043,2017
South Africa,ZAF,27.07099915,2017
Zambia,ZMB,11.6260004,2017
Zimbabwe,ZWE,5.168000221,2017
